document_id,unique_key,source_path,source_hash,pdf_file_hash,source_system,requested_til_number,matched_til_number,match_type,parser_method,parser_name,parser_version,profile_found,parsed_profile_json,raw_profile_json,content_hash,extracted_document_method,extracted_text_char_count,extracted_table_count,extraction_confidence,llm_model,metadata_status,metadata_retry_count,chunk_status,chunk_retry_count,error_code,error_message,ingest_ts,metadata_processed_ts,chunk_processed_ts,run_id
til 1937-r2 - f-class turbine wheel inspection and maintenance recommendations,1937-R2__ee7e0717bf5ca8fafb416ef9dfaa5e79bad89d97d5e8b7f5f69a60b02216631f,/Volumes/viud/ing_ud_fsr_manual/manual_field_service_report/TILS_new/TIL 1937-R2 - F-CLASS TURBINE WHEEL INSPECTION AND MAINTENANCE RECOMMENDATIONS.pdf,ee7e0717bf5ca8fafb416ef9dfaa5e79bad89d97d5e8b7f5f69a60b02216631f,7f6a4c606f2b8c60172f95b20dd28967,databricks_volume,1937-R2,1937-R2,pdf_name_match,databricks_ai,databricks_ai,v1,true,"{""til_number"": ""TIL 1937"", ""revision"": ""R2"", ""title"": ""F-CLASS TURBINE WHEEL INSPECTION AND MAINTENANCE RECOMMENDATIONS"", ""publish_date"": ""2024-04-10"", ""reason_for_revision"": ""1) Added a new 3 Step-Age Heat Treatment category for Stage 1 & Stage 2 wheels. 2) Added a specific ECI inspection interval for Stage 1 enhanced wheels with 2 Step-Age heat treatment. 3) Added a specific ECI inspection interval for Stage 2 wheels post Rotor Life Extension."", ""purpose"": ""Advise users to perform routine turbine rotor wheel inspections at a maintenance interval based on installed configuration for select F-class gas turbine rotors operating in high ambient and specific environmental conditions; provides inspection methods/intervals by wheel configuration and recommends back-cut turbine blades to reduce wheel loading and crack risk."", ""compliance_category_code"": ""A"", ""compliance_category_text"": ""A - Alert: Failure to comply with the TIL could result in equipment damage or facility damage. Compliance is mandated within a specific operating time."", ""recurring_indicator_if_found"": null, ""til_information_flag"": false, ""coarse_outage_type"": ""Any"", ""scope_of_work"": [""Qualified vendor to perform CO2 blast cleaning of turbine rotor."", ""GE Vernova qualified personnel to perform rotor inspections (ECI/VT/BI/FPI/UT as applicable per configuration tables)."", ""Back-cut stage 1 and stage 2 turbine blades."", ""Rotor inspection equipment and blend/peen kit are provided and applied by GE Vernova."", ""Remove turbine blades prior to beginning these inspections per hot gas path outage scope.""], ""service_recommendation_line_items"": [""For units operating in high ambient and/or humid/corrosive conditions: perform routine turbine wheel inspections at intervals based on installed configuration (shot peening condition at first fire, cooling slot geometry, material heat treatment, balance rail & lock wire tab configuration) per Tables 1\u20136."", ""Stage 1 & Stage 2 wheel dovetail Eddy Current Inspection (ECI): perform at the frequency defined in the applicable configuration table (Tables 1\u20136) and continue until rotor retirement; ECI is available and recommended for all wheel posts identified in Tables 1 and 2."", ""If cooling slot crack is detected during inspection: immediate wheel replacement will be recommended to help avoid the risk of wheel post liberation during operation."", ""Visual inspection (VT) / borescope inspection (BI): for non-shot peened rotors, perform visual inspection of all exposed turbine rotor surfaces when available; observe/borescope accessible rotor surfaces and examine broach slot fillets/slot bottoms/tangs/cooling slots, cooling slots in wheel broach slots, spacer rim seal tooth rubs/coating, balance weights (looseness/migration/staking quality/set screw), nut damage/surface indications in flanges and webs."", ""Ultrasonic testing (UT): inspect counterbore outside diameter ligaments on distance piece and turbine aft shaft."", ""Fluorescent penetrant inspection (FPI): inspect staked balance weight grooves at all major inspection intervals and when the CDC is removed during a Hot Gas Path inspection; inspect lock wire tab fillets when turbine blades are removed during routine maintenance intervals; do not use FPI for wheel posts."", ""Stage 3 turbine wheel (TW3) balance weight grooves: if staked, FPI every Major Inspection (MI) and when the Exhaust Frame is removed during Hot Gas Path Inspection (HGPI); if stakeless, no inspections necessary."", ""Stage 3 turbine wheel (TW3) lockwire tabs: if original, FPI every HGPI while buckets are removed; if modified, FPI every MI."", ""Turbine aft shaft (TAS) balance weight grooves: if staked, FPI every MI and when the Exhaust Frame is removed during HGPI; if stakeless, no inspections necessary."", ""Install dovetail modified ('back cut') Stage 1 and Stage 2 turbine blades on all turbine rotors; apply at the next scheduled maintenance (HGPI or MI) and ensure inventory parts are modified during standard repair/refurbishment by a GE Vernova Service Center."", ""Cleaning prerequisite for ECI: prior to ECI, appropriately clean turbine rotor (preferred dry ice/CO2 blasting; acceptable hand-cleaning if CO2 blast not available) to facilitate proper functioning of ECI equipment and accurate readings.""], ""completion_criteria_text"": ""This TIL is considered completed when the turbine wheels reach end of life and are removed from service."", ""maintenance_trigger_text"": null, ""recommended_interval_or_trigger"": [""Per Tables 1\u20136: ECI/BI/FPI/UT/VT intervals by wheel configuration (e.g., every 24 khrs or 900 starts; every 32 khrs or 1,200 starts; at 96 khrs or 3,600 starts; every HGPI when CDC is not removed; every Major and when CDC is removed during HGPI; at first Major after TW2 Life Extension)."", ""Back-cut Stage 1 and Stage 2 turbine blades: at the next scheduled maintenance (hot gas path inspection or major inspection)."", ""TW3 BWG (staked): FPI every MI and when Exhaust Frame is removed during HGPI."", ""TW3 LWT: FPI every HGPI while buckets are removed (original) or every MI (modified)."", ""TAS BWG (staked): FPI every MI and when Exhaust Frame is removed during HGPI.""], ""usage_counters_to_check_or_consider"": [""operating_hours"", ""starts""], ""usage_counter_requirements_text"": ""Inspection intervals in the configuration tables are expressed in operating hours and starts (e.g., \""every 24 hrs or 900 starts\"", \""every 32 hrs or 1,200 starts\"", \""at 96 hrs or 3,600 starts\"")."", ""frame_or_model_applicability_text"": ""Select F-class gas turbine rotors operating in high ambient and specific environmental conditions; configuration tables provided for 7F, 9F, and 6F Stage 1 and Stage 2 turbine wheels. Stage 3 wheel (TW3) and turbine aft shaft (TAS) inspections apply regardless of frame size or part numbers."", ""combustion_or_fuel_configuration_text"": null, ""hardware_or_part_configuration_text"": ""Inspection recommendations depend on turbine rotor wheel features including shot peening condition at first fire (e.g., fired without shot peening / never fired without shot peening / peening modification), cooling slot geometry (original/contoured/enhanced), material heat treatment (2 Step Age / 3 Step Age), and balance rail & lock wire tab configuration (original vs stakeless & modified tab). Back cut (dovetail modified) turbine blades affect certain ECI interval brackets in the tables."", ""serial_or_unit_applicability_text"": ""Units addressed by this communication have been identified as operating in a specific environment resulting in increased risk; for peening modification cases, users are instructed to contact GE Vernova with turbine rotor serial number to determine applicable peening condition."", ""exclusions_or_non_applicable_conditions_text"": ""TW3 and TAS: if stakeless balance weight grooves, no inspections necessary. FPI is not recommended for wheel posts."", ""required_prior_modifications_text"": null, ""prerequisite_outage_or_inspection_context_text"": ""Turbine blades should be removed prior to beginning these inspections per hot gas path outage scope; rotor must be cleaned prior to ECI (preferred CO2 blasting). Some FPI/BI intervals depend on whether CDC is removed during HGPI and whether buckets are removed."", ""sbom_dependency_flag"": true, ""sbom_trigger_reason"": ""Multiple turbine wheel part numbers are listed as applicable by configuration in Tables 1\u20136; applicability depends on installed wheel configuration and part number verification."", ""mli_numbers"": [], ""parts_referenced"": [{""part_number"": ""227C5762"", ""context"": ""Applicable 7F Stage 1 turbine wheel part number for specific configuration(s) in Table 1."", ""required_inspection_types"": [], ""source_location"": ""Table 1""}, {""part_number"": ""103E5795"", ""context"": ""Applicable 7F Stage 1 turbine wheel part number for specific configuration(s) in Table 1."", ""required_inspection_types"": [], ""source_location"": ""Table 1""}, {""part_number"": ""188D7369"", ""context"": ""Applicable 7F Stage 1 turbine wheel part number for specific configuration(s) in Table 1."", ""required_inspection_types"": [], ""source_location"": ""Table 1""}, {""part_number"": ""109E3085"", ""context"": ""Applicable 7F Stage 1 turbine wheel part number for specific configuration(s) in Table 1."", ""required_inspection_types"": [], ""source_location"": ""Table 1""}, {""part_number"": ""101E8627"", ""context"": ""Applicable 7F Stage 1 turbine wheel part number for specific configuration(s) in Table 1."", ""required_inspection_types"": [], ""source_location"": ""Table 1""}, {""part_number"": ""109E3896"", ""context"": ""Applicable 7F Stage 1 turbine wheel part number for specific configuration(s) in Table 1."", ""required_inspection_types"": [], ""source_location"": ""Table 1""}, {""part_number"": ""103E5773"", ""context"": ""Applicable 7F Stage 1 turbine wheel part number for specific configuration(s) in Table 1."", ""required_inspection_types"": [], ""source_location"": ""Table 1""}, {""part_number"": ""193D2053"", ""context"": ""Applicable 7F Stage 1 turbine wheel part number for 'Peening Modification' configuration in Table 1."", ""required_inspection_types"": [], ""source_location"": ""Table 1""}, {""part_number"": ""193D2063"", ""context"": ""Applicable 7F Stage 1 turbine wheel part number for 'Peening Modification' configuration in Table 1."", ""required_inspection_types"": [], ""source_location"": ""Table 1""}, {""part_number"": ""243C1494"", ""context"": ""Applicable 7F Stage 1 turbine wheel part number for 'Never Fired without Shot Peening' configuration in Table 1."", ""required_inspection_types"": [], ""source_location"": ""Table 1""}, {""part_number"": ""109E5612"", ""context"": ""Applicable 7F Stage 1 turbine wheel part number for 'Never Fired without Shot Peening' configuration in Table 1."", ""required_inspection_types"": [], ""source_location"": ""Table 1""}, {""part_number"": ""188D7996"", ""context"": ""Applicable 7F Stage 1 turbine wheel part number for 'Never Fired without Shot Peening' configuration in Table 1."", ""required_inspection_types"": [], ""source_location"": ""Table 1""}, {""part_number"": ""114E1228"", ""context"": ""Applicable 7F Stage 1 turbine wheel part number for 'Never Fired without Shot Peening' configuration in Table 1."", ""required_inspection_types"": [], ""source_location"": ""Table 1""}, {""part_number"": ""196D1915"", ""context"": ""Applicable 7F Stage 1 turbine wheel part number for 'Never Fired without Shot Peening' configuration in Table 1."", ""required_inspection_types"": [], ""source_location"": ""Table 1""}, {""part_number"": ""116E2434"", ""context"": ""Applicable 7F Stage 1 turbine wheel part number for 'Never Fired without Shot Peening' configuration in Table 1."", ""required_inspection_types"": [], ""source_location"": ""Table 1""}, {""part_number"": ""199D3931"", ""context"": ""Applicable 7F Stage 1 turbine wheel part number for 'Never Fired without Shot Peening' configuration in Table 1."", ""required_inspection_types"": [], ""source_location"": ""Table 1""}, {""part_number"": ""117E5673"", ""context"": ""Applicable 7F Stage 1 turbine wheel part number for 'Never Fired without Shot Peening' configuration in Table 1."", ""required_inspection_types"": [], ""source_location"": ""Table 1""}, {""part_number"": ""109E5303"", ""context"": ""Applicable 7F Stage 1 turbine wheel part number for 'Never Fired without Shot Peening' configuration in Table 1."", ""required_inspection_types"": [], ""source_location"": ""Table 1""}, {""part_number"": ""119E2398"", ""context"": ""Applicable 7F Stage 1 turbine wheel part number for 'Never Fired without Shot Peening' configuration in Table 1."", ""required_inspection_types"": [], ""source_location"": ""Table 1""}, {""part_number"": ""109E5589"", ""context"": ""Applicable 7F Stage 1 turbine wheel part number for 'Never Fired without Shot Peening' configuration in Table 1."", ""required_inspection_types"": [], ""source_location"": ""Table 1""}, {""part_number"": ""119E2621"", ""context"": ""Applicable 7F Stage 1 turbine wheel part number for 'Never Fired without Shot Peening' configuration in Table 1."", ""required_inspection_types"": [], ""source_location"": ""Table 1""}, {""part_number"": ""116E3967"", ""context"": ""Applicable 7F Stage 1 turbine wheel part number for contoured cooling slot configuration in Table 1."", ""required_inspection_types"": [], ""source_location"": ""Table 1""}, {""part_number"": ""119E3771"", ""context"": ""Applicable 7F Stage 1 turbine wheel part number for contoured cooling slot configuration in Table 1."", ""required_inspection_types"": [], ""source_location"": ""Table 1""}, {""part_number"": ""119E4181"", ""context"": ""Applicable 7F Stage 1 turbine wheel part number for contoured cooling slot configuration in Table 1."", ""required_inspection_types"": [], ""source_location"": ""Table 1""}, {""part_number"": ""323E2241"", ""context"": ""Applicable 7F Stage 1 turbine wheel part number for enhanced cooling slot / stakeless & modified tab configuration in Table 1."", ""required_inspection_types"": [], ""source_location"": ""Table 1""}, {""part_number"": ""144E7560"", ""context"": ""Applicable 7F Stage 1 turbine wheel part number listed in Table 1 (ECI interval at 96 khrs or 3,600 starts with bracketed back-cut condition)."", ""required_inspection_types"": [], ""source_location"": ""Table 1""}, {""part_number"": ""145E3626"", ""context"": ""Applicable 7F Stage 1 turbine wheel part number for 3 Step Age / enhanced / stakeless & modified tab configuration in Table 1."", ""required_inspection_types"": [], ""source_location"": ""Table 1""}, {""part_number"": ""227C5763"", ""context"": ""Applicable 7F Stage 2 turbine wheel part number for fired-without-shot-peening configuration in Table 2."", ""required_inspection_types"": [], ""source_location"": ""Table 2""}, {""part_number"": ""103E5796"", ""context"": ""Applicable 7F Stage 2 turbine wheel part number for fired-without-shot-peening configuration in Table 2."", ""required_inspection_types"": [], ""source_location"": ""Table 2""}, {""part_number"": ""101E8629"", ""context"": ""Applicable 7F Stage 2 turbine wheel part number for fired-without-shot-peening configuration in Table 2."", ""required_inspection_types"": [], ""source_location"": ""Table 2""}, {""part_number"": ""108E4197"", ""context"": ""Applicable 7F Stage 2 turbine wheel part number for fired-without-shot-peening configuration in Table 2."", ""required_inspection_types"": [], ""source_location"": ""Table 2""}, {""part_number"": ""103E5775"", ""context"": ""Applicable 7F Stage 2 turbine wheel part number for fired-without-shot-peening configuration in Table 2."", ""required_inspection_types"": [], ""source_location"": ""Table 2""}, {""part_number"": ""109E3897"", ""context"": ""Applicable 7F Stage 2 turbine wheel part number for fired-without-shot-peening configuration in Table 2."", ""required_inspection_types"": [], ""source_location"": ""Table 2""}, {""part_number"": ""193D2055"", ""context"": ""Applicable 7F Stage 2 turbine wheel part number for 'Peening Modification' configuration in Table 2."", ""required_inspection_types"": [], ""source_location"": ""Table 2""}, {""part_number"": ""193D2064"", ""context"": ""Applicable 7F Stage 2 turbine wheel part number for 'Peening Modification' configuration in Table 2."", ""required_inspection_types"": [], ""source_location"": ""Table 2""}, {""part_number"": ""193D2400"", ""context"": ""Applicable 7F Stage 2 turbine wheel part number for 'Never Fired without Shot Peening' configuration in Table 2."", ""required_inspection_types"": [], ""source_location"": ""Table 2""}, {""part_number"": ""199D3925"", ""context"": ""Applicable 7F Stage 2 turbine wheel part number for 'Never Fired without Shot Peening' configuration in Table 2."", ""required_inspection_types"": [], ""source_location"": ""Table 2""}, {""part_number"": ""109E5591"", ""context"": ""Applicable 7F Stage 2 turbine wheel part number for 'Never Fired without Shot Peening' configuration in Table 2."", ""required_inspection_types"": [], ""source_location"": ""Table 2""}, {""part_number"": ""109E5614"", ""context"": ""Applicable 7F Stage 2 turbine wheel part number for 'Never Fired without Shot Peening' configuration in Table 2."", ""required_inspection_types"": [], ""source_location"": ""Table 2""}, {""part_number"": ""114E1229"", ""context"": ""Applicable 7F Stage 2 turbine wheel part number for 'Never Fired without Shot Peening' configuration in Table 2."", ""required_inspection_types"": [], ""source_location"": ""Table 2""}, {""part_number"": ""116E2436"", ""context"": ""Applicable 7F Stage 2 turbine wheel part number for 'Never Fired without Shot Peening' configuration in Table 2."", ""required_inspection_types"": [], ""source_location"": ""Table 2""}, {""part_number"": ""116E3968"", ""context"": ""Applicable 7F Stage 2 turbine wheel part number for contoured cooling slot configuration in Table 2 (ECI interval includes 'at first Major after TW2 Life Extension')."", ""required_inspection_types"": [], ""source_location"": ""Table 2""}, {""part_number"": ""119E6503"", ""context"": ""Applicable 7F Stage 2 turbine wheel part number for enhanced cooling slot configuration in Table 2."", ""required_inspection_types"": [], ""source_location"": ""Table 2""}, {""part_number"": ""323E2240"", ""context"": ""Applicable 7F Stage 2 turbine wheel part number for enhanced cooling slot / stakeless & modified tab configuration in Table 2 (ECI interval includes 'at first Major after TW2 Life Extension')."", ""required_inspection_types"": [], ""source_location"": ""Table 2""}, {""part_number"": ""146E3627"", ""context"": ""Applicable 7F Stage 2 turbine wheel part number for 3 Step Age / enhanced / stakeless & modified tab configuration in Table 2."", ""required_inspection_types"": [], ""source_location"": ""Table 2""}, {""part_number"": ""101E2274"", ""context"": ""Applicable 9F Stage 1 turbine wheel part number for fired-without-shot-peening configuration in Table 3."", ""required_inspection_types"": [], ""source_location"": ""Table 3""}, {""part_number"": ""103E3969"", ""context"": ""Applicable 9F Stage 1 turbine wheel part number for fired-without-shot-peening configuration in Table 3."", ""required_inspection_types"": [], ""source_location"": ""Table 3""}, {""part_number"": ""109E3982"", ""context"": ""Applicable 9F Stage 1 turbine wheel part number for fired-without-shot-peening configuration in Table 3."", ""required_inspection_types"": [], ""source_location"": ""Table 3""}, {""part_number"": ""227C5743"", ""context"": ""Applicable 9F Stage 1 turbine wheel part number for 'Peening Modification' configuration in Table 3."", ""required_inspection_types"": [], ""source_location"": ""Table 3""}, {""part_number"": ""188D7864"", ""context"": ""Applicable 9F Stage 1 turbine wheel part number for 'Peening Modification' configuration in Table 3."", ""required_inspection_types"": [], ""source_location"": ""Table 3""}, {""part_number"": ""193D2023"", ""context"": ""Applicable 9F Stage 1 turbine wheel part number for 'Peening Modification' configuration in Table 3."", ""required_inspection_types"": [], ""source_location"": ""Table 3""}, {""part_number"": ""193D2036"", ""context"": ""Applicable 9F Stage 1 turbine wheel part number for 'Peening Modification' configuration in Table 3."", ""required_inspection_types"": [], ""source_location"": ""Table 3""}, {""part_number"": ""193D2050"", ""context"": ""Applicable 9F Stage 1 turbine wheel part number for 'Peening Modification' configuration in Table 3."", ""required_inspection_types"": [], ""source_location"": ""Table 3""}, {""part_number"": ""193D2422"", ""context"": ""Applicable 9F Stage 1 turbine wheel part number for 'Peening Modification' configuration in Table 3."", ""required_inspection_types"": [], ""source_location"": ""Table 3""}, {""part_number"": ""196D1632"", ""context"": ""Applicable 9F Stage 1 turbine wheel part number for 'Peening Modification' configuration in Table 3."", ""required_inspection_types"": [], ""source_location"": ""Table 3""}, {""part_number"": ""198D1211"", ""context"": ""Applicable 9F Stage 1 turbine wheel part number for 'Peening Modification' configuration in Table 3."", ""required_inspection_types"": [], ""source_location"": ""Table 3""}, {""part_number"": ""109E5254"", ""context"": ""Applicable 9F Stage 1 turbine wheel part number for 'Never Fired without Shot Peening' configuration in Table 3."", ""required_inspection_types"": [], ""source_location"": ""Table 3""}, {""part_number"": ""111E3299"", ""context"": ""Applicable 9F Stage 1 turbine wheel part number listed in Table 3 (FPI row)."", ""required_inspection_types"": [], ""source_location"": ""Table 3""}, {""part_number"": ""119E6594"", ""context"": ""Applicable 9F Stage 1 turbine wheel part number for contoured cooling slot configuration in Table 3."", ""required_inspection_types"": [], ""source_location"": ""Table 3""}, {""part_number"": ""133E8667"", ""context"": ""Applicable 9F Stage 1 turbine wheel part number for enhanced cooling slot configuration in Table 3."", ""required_inspection_types"": [], ""source_location"": ""Table 3""}, {""part_number"": ""145E2874"", ""context"": ""Applicable 9F Stage 1 turbine wheel part number for stakeless & modified tab configuration in Table 3."", ""required_inspection_types"": [], ""source_location"": ""Table 3""}, {""part_number"": ""131T7523"", ""context"": ""Applicable 9F Stage 1 turbine wheel part number for 3 Step Age / enhanced / stakeless & modified tab configuration in Table 3."", ""required_inspection_types"": [], ""source_location"": ""Table 3""}, {""part_number"": ""131T7534"", ""context"": ""Applicable 9F Stage 2 turbine wheel part number for 3 Step Age / enhanced / stakeless & modified tab configuration in Table 4."", ""required_inspection_types"": [], ""source_location"": ""Table 4""}, {""part_number"": ""109E9194"", ""context"": ""Applicable 6F Stage 1 turbine wheel part number in Table 5 (2 Step Age / never fired without shot peening / original cooling slot geometry)."", ""required_inspection_types"": [], ""source_location"": ""Table 5""}, {""part_number"": ""116E3992"", ""context"": ""Applicable 6F Stage 1 turbine wheel part number in Table 5 (contoured cooling slot geometry)."", ""required_inspection_types"": [], ""source_location"": ""Table 5""}, {""part_number"": ""137E1002"", ""context"": ""Applicable 6F Stage 1 turbine wheel part number in Table 5 (enhanced cooling slot geometry)."", ""required_inspection_types"": [], ""source_location"": ""Table 5""}, {""part_number"": ""141E4569"", ""context"": ""Applicable 6F Stage 1 turbine wheel part number in Table 5 (stakeless & modified tab configuration)."", ""required_inspection_types"": [], ""source_location"": ""Table 5""}, {""part_number"": ""131T7543"", ""context"": ""Applicable 6F Stage 1 turbine wheel part number for 3 Step Age / enhanced / stakeless & modified tab configuration in Table 5."", ""required_inspection_types"": [], ""source_location"": ""Table 5""}, {""part_number"": ""131T7549"", ""context"": ""Applicable 6F Stage 2 turbine wheel part number for 3 Step Age / enhanced / stakeless & modified tab configuration in Table 6."", ""required_inspection_types"": [], ""source_location"": ""Table 6""}], ""reference_documents"": [{""document_number"": ""TIL 1280"", ""document_type"": ""TIL"", ""context"": ""Superseded by this TIL.""}, {""document_number"": ""TIL 1327"", ""document_type"": ""TIL"", ""context"": ""Superseded by this TIL.""}, {""document_number"": ""TIL 1434"", ""document_type"": ""TIL"", ""context"": ""Superseded by this TIL.""}, {""document_number"": ""TIL 1539"", ""document_type"": ""TIL"", ""context"": ""Superseded by this TIL.""}, {""document_number"": ""TIL 1540"", ""document_type"": ""TIL"", ""context"": ""Superseded by this TIL.""}, {""document_number"": ""TIL 1742"", ""document_type"": ""TIL"", ""context"": ""Superseded by this TIL.""}], ""configuration_dependent"": true, ""configuration_variables"": [""frame_type"", ""wheel_stage"", ""material_heat_treatment"", ""shot_peening_condition_at_first_fire"", ""cooling_slot_geometry"", ""balance_rail_and_lock_wire_tab_configuration"", ""back_cut_buckets_installed"", ""cdc_removed_during_hgpi"", ""buckets_removed"", ""tw2_life_extension_status"", ""staked_vs_stakeless_bwg"", ""original_vs_modified_lwt""], ""configuration_summary"": ""Inspection methods and intervals vary by frame (6F/7F/9F), wheel stage (1/2), heat treatment (2 Step Age vs 3 Step Age), shot peening condition, cooling slot geometry (original/contoured/enhanced), and balance rail/lock wire tab configuration; some ECI intervals change if back cut buckets are not installed and some Stage 2 ECI intervals include an additional trigger at first Major after TW2 Life Extension. Stage 3 wheel and TAS FPI needs depend on staked vs stakeless BWG and original vs modified LWT."", ""severity_signals"": [""Compliance Category - A"", ""undetected crack may continue to propagate ... releasing a wheel section and/or adjacent turbine blades into the turbine hot gas path section potentially resulting in significant damage"", ""increased risk of crack initiation and propagation"", ""immediate wheel replacement will be recommended to help avoid the risk of wheel post liberation during operation"", ""could result in a partial wheel material liberation""], ""failure_consequences"": [""releasing a wheel section and/or adjacent turbine blades into the turbine hot gas path section potentially resulting in significant damage"", ""partial wheel material liberation""], ""risk_summary"": ""Rotor wheel cracking in high ambient/humid/corrosive environments can propagate to critical length and lead to wheel section/blade release into the hot gas path or partial wheel material liberation, potentially causing significant equipment damage."", ""safety_or_damage_language_found"": true, ""tables_found_summary"": [{""table_label"": ""Compliance Category legend"", ""table_description"": ""Defines M/C/A/S compliance categories."", ""useful_for_downstream"": false, ""reason"": ""Administrative legend; does not provide equipment-specific actions or intervals.""}, {""table_label"": ""Timing Code legend"", ""table_description"": ""Defines timing codes 1\u20136 (e.g., next scheduled outage)."", ""useful_for_downstream"": false, ""reason"": ""Administrative legend; does not provide equipment-specific actions or intervals.""}, {""table_label"": ""Table 1"", ""table_description"": ""Applicable 7F Stage 1 Turbine Wheel Configurations with inspection types (ECI/BI/FPI/UT/VT) and intervals by configuration and applicable part numbers."", ""useful_for_downstream"": true, ""reason"": ""Contains configuration-to-inspection mapping, intervals, and part numbers needed for outage scoping.""}, {""table_label"": ""Table 2"", ""table_description"": ""Applicable 7F Stage 2 Turbine Wheel Configurations with inspection types and intervals by configuration and applicable part numbers (includes TW2 Life Extension trigger for some ECI intervals)."", ""useful_for_downstream"": true, ""reason"": ""Contains configuration-to-inspection mapping, intervals, and part numbers needed for outage scoping.""}, {""table_label"": ""Table 3"", ""table_description"": ""Applicable 9F Stage 1 Turbine Wheel Configurations with inspection types/intervals and applicable part numbers."", ""useful_for_downstream"": true, ""reason"": ""Contains configuration-to-inspection mapping, intervals, and part numbers needed for outage scoping.""}, {""table_label"": ""Table 4"", ""table_description"": ""Applicable 9F Stage 2 Turbine Wheel Configurations with inspection types/intervals and applicable part numbers (includes TW2 Life Extension trigger for some ECI intervals)."", ""useful_for_downstream"": true, ""reason"": ""Contains configuration-to-inspection mapping, intervals, and part numbers needed for outage scoping.""}, {""table_label"": ""Table 5"", ""table_description"": ""Applicable 6F Stage 1 Turbine Wheel Configurations with inspection types/intervals and applicable part numbers."", ""useful_for_downstream"": true, ""reason"": ""Contains configuration-to-inspection mapping, intervals, and part numbers needed for outage scoping.""}, {""table_label"": ""Table 6"", ""table_description"": ""Applicable 6F Stage 2 Turbine Wheel Configurations with inspection types/intervals and applicable part numbers (includes TW2 Life Extension trigger for some ECI intervals)."", ""useful_for_downstream"": true, ""reason"": ""Contains configuration-to-inspection mapping, intervals, and part numbers needed for outage scoping.""}], ""missing_information_flags"": [""No explicit list of which specific units/serial numbers are in-scope beyond 'select F-class gas turbine rotors operating in high ambient and specific environmental conditions'."", ""Timing Code is stated as '6' but the document does not explicitly restate the required compliance deadline in operating time for this specific TIL beyond the generic timing-code legend."", ""Stage 3 wheel (TW3) and turbine aft shaft (TAS) inspection recommendations are provided without associated part numbers or configuration identification guidance.""], ""source_snippets"": [{""field"": ""purpose"", ""snippet"": ""Advise users to perform routine inspections at a maintenance interval based on installed configuration.""}, {""field"": ""reference_documents"", ""snippet"": ""This TIL supersedes TILs 1280, 1327, 1434, 1539, 1540, and 1742.""}, {""field"": ""risk_summary"", ""snippet"": ""an undetected crack may continue to propagate due to exposure to stress and temperature until either: 1- the crack is detected and either repaired or the rotor is removed from service, or 2- the crack propagates to a critical length, releasing a wheel section and/or adjacent turbine blades into the turbine hot gas path section potentially resulting in significant damage.""}, {""field"": ""failure_consequences"", ""snippet"": ""Cracks in the forward wheel web, if left unaddressed, could result in a partial wheel material liberation, particularly when located on the stage 1 wheel.""}, {""field"": ""service_recommendation_line_items"", ""snippet"": ""If a cooling slot crack is detected during the inspection, immediate wheel replacement will be recommended to help avoid the risk of wheel post liberation during operation.""}, {""field"": ""service_recommendation_line_items"", ""snippet"": ""Dovetail ECI should be performed until rotor retirement at the frequency defined in Table 1.""}, {""field"": ""service_recommendation_line_items"", ""snippet"": ""It is recommended to apply dovetail modified Stage 1 and 2 turbine blades at the next scheduled maintenance (hot gas path inspection or major inspection).""}, {""field"": ""scope_of_work"", ""snippet"": ""Qualified vendor to perform CO2 blast cleaning of turbine rotor. GE Vernova qualified personnel to perform rotor inspections. Back-cut stage 1 and stage 2 turbine blades.""}, {""field"": ""completion_criteria_text"", ""snippet"": ""This TIL is considered completed when the turbine wheels reach end of life and are removed from service.""}, {""field"": ""recommended_interval_or_trigger"", ""snippet"": ""For the stage 3 turbine wheel (TW3) and turbine aft shaft (TAS), the following inspections apply regardless of frame size or part numbers:""}], ""extraction_confidence"": 0.78}","{
  ""til_number"": ""TIL 1937"",
  ""revision"": ""R2"",
  ""title"": ""F-CLASS TURBINE WHEEL INSPECTION AND MAINTENANCE RECOMMENDATIONS"",
  ""publish_date"": ""2024-04-10"",
  ""reason_for_revision"": ""1) Added a new 3 Step-Age Heat Treatment category for Stage 1 & Stage 2 wheels. 2) Added a specific ECI inspection interval for Stage 1 enhanced wheels with 2 Step-Age heat treatment. 3) Added a specific ECI inspection interval for Stage 2 wheels post Rotor Life Extension."",
  ""purpose"": ""Advise users to perform routine turbine rotor wheel inspections at a maintenance interval based on installed configuration for select F-class gas turbine rotors operating in high ambient and specific environmental conditions; provides inspection methods/intervals by wheel configuration and recommends back-cut turbine blades to reduce wheel loading and crack risk."",
  ""compliance_category_code"": ""A"",
  ""compliance_category_text"": ""A - Alert: Failure to comply with the TIL could result in equipment damage or facility damage. Compliance is mandated within a specific operating time."",
  ""recurring_indicator_if_found"": null,
  ""til_information_flag"": false,
  ""coarse_outage_type"": ""Any"",
  ""scope_of_work"": [
    ""Qualified vendor to perform CO2 blast cleaning of turbine rotor."",
    ""GE Vernova qualified personnel to perform rotor inspections (ECI/VT/BI/FPI/UT as applicable per configuration tables)."",
    ""Back-cut stage 1 and stage 2 turbine blades."",
    ""Rotor inspection equipment and blend/peen kit are provided and applied by GE Vernova."",
    ""Remove turbine blades prior to beginning these inspections per hot gas path outage scope.""
  ],
  ""service_recommendation_line_items"": [
    ""For units operating in high ambient and/or humid/corrosive conditions: perform routine turbine wheel inspections at intervals based on installed configuration (shot peening condition at first fire, cooling slot geometry, material heat treatment, balance rail & lock wire tab configuration) per Tables 1–6."",
    ""Stage 1 & Stage 2 wheel dovetail Eddy Current Inspection (ECI): perform at the frequency defined in the applicable configuration table (Tables 1–6) and continue until rotor retirement; ECI is available and recommended for all wheel posts identified in Tables 1 and 2."",
    ""If cooling slot crack is detected during inspection: immediate wheel replacement will be recommended to help avoid the risk of wheel post liberation during operation."",
    ""Visual inspection (VT) / borescope inspection (BI): for non-shot peened rotors, perform visual inspection of all exposed turbine rotor surfaces when available; observe/borescope accessible rotor surfaces and examine broach slot fillets/slot bottoms/tangs/cooling slots, cooling slots in wheel broach slots, spacer rim seal tooth rubs/coating, balance weights (looseness/migration/staking quality/set screw), nut damage/surface indications in flanges and webs."",
    ""Ultrasonic testing (UT): inspect counterbore outside diameter ligaments on distance piece and turbine aft shaft."",
    ""Fluorescent penetrant inspection (FPI): inspect staked balance weight grooves at all major inspection intervals and when the CDC is removed during a Hot Gas Path inspection; inspect lock wire tab fillets when turbine blades are removed during routine maintenance intervals; do not use FPI for wheel posts."",
    ""Stage 3 turbine wheel (TW3) balance weight grooves: if staked, FPI every Major Inspection (MI) and when the Exhaust Frame is removed during Hot Gas Path Inspection (HGPI); if stakeless, no inspections necessary."",
    ""Stage 3 turbine wheel (TW3) lockwire tabs: if original, FPI every HGPI while buckets are removed; if modified, FPI every MI."",
    ""Turbine aft shaft (TAS) balance weight grooves: if staked, FPI every MI and when the Exhaust Frame is removed during HGPI; if stakeless, no inspections necessary."",
    ""Install dovetail modified ('back cut') Stage 1 and Stage 2 turbine blades on all turbine rotors; apply at the next scheduled maintenance (HGPI or MI) and ensure inventory parts are modified during standard repair/refurbishment by a GE Vernova Service Center."",
    ""Cleaning prerequisite for ECI: prior to ECI, appropriately clean turbine rotor (preferred dry ice/CO2 blasting; acceptable hand-cleaning if CO2 blast not available) to facilitate proper functioning of ECI equipment and accurate readings.""
  ],
  ""completion_criteria_text"": ""This TIL is considered completed when the turbine wheels reach end of life and are removed from service."",
  ""maintenance_trigger_text"": null,
  ""recommended_interval_or_trigger"": [
    ""Per Tables 1–6: ECI/BI/FPI/UT/VT intervals by wheel configuration (e.g., every 24 khrs or 900 starts; every 32 khrs or 1,200 starts; at 96 khrs or 3,600 starts; every HGPI when CDC is not removed; every Major and when CDC is removed during HGPI; at first Major after TW2 Life Extension)."",
    ""Back-cut Stage 1 and Stage 2 turbine blades: at the next scheduled maintenance (hot gas path inspection or major inspection)."",
    ""TW3 BWG (staked): FPI every MI and when Exhaust Frame is removed during HGPI."",
    ""TW3 LWT: FPI every HGPI while buckets are removed (original) or every MI (modified)."",
    ""TAS BWG (staked): FPI every MI and when Exhaust Frame is removed during HGPI.""
  ],
  ""usage_counters_to_check_or_consider"": [
    ""operating_hours"",
    ""starts""
  ],
  ""usage_counter_requirements_text"": ""Inspection intervals in the configuration tables are expressed in operating hours and starts (e.g., \""every 24 hrs or 900 starts\"", \""every 32 hrs or 1,200 starts\"", \""at 96 hrs or 3,600 starts\"")."",
  ""frame_or_model_applicability_text"": ""Select F-class gas turbine rotors operating in high ambient and specific environmental conditions; configuration tables provided for 7F, 9F, and 6F Stage 1 and Stage 2 turbine wheels. Stage 3 wheel (TW3) and turbine aft shaft (TAS) inspections apply regardless of frame size or part numbers."",
  ""combustion_or_fuel_configuration_text"": null,
  ""hardware_or_part_configuration_text"": ""Inspection recommendations depend on turbine rotor wheel features including shot peening condition at first fire (e.g., fired without shot peening / never fired without shot peening / peening modification), cooling slot geometry (original/contoured/enhanced), material heat treatment (2 Step Age / 3 Step Age), and balance rail & lock wire tab configuration (original vs stakeless & modified tab). Back cut (dovetail modified) turbine blades affect certain ECI interval brackets in the tables."",
  ""serial_or_unit_applicability_text"": ""Units addressed by this communication have been identified as operating in a specific environment resulting in increased risk; for peening modification cases, users are instructed to contact GE Vernova with turbine rotor serial number to determine applicable peening condition."",
  ""exclusions_or_non_applicable_conditions_text"": ""TW3 and TAS: if stakeless balance weight grooves, no inspections necessary. FPI is not recommended for wheel posts."",
  ""required_prior_modifications_text"": null,
  ""prerequisite_outage_or_inspection_context_text"": ""Turbine blades should be removed prior to beginning these inspections per hot gas path outage scope; rotor must be cleaned prior to ECI (preferred CO2 blasting). Some FPI/BI intervals depend on whether CDC is removed during HGPI and whether buckets are removed."",
  ""sbom_dependency_flag"": true,
  ""sbom_trigger_reason"": ""Multiple turbine wheel part numbers are listed as applicable by configuration in Tables 1–6; applicability depends on installed wheel configuration and part number verification."",
  ""mli_numbers"": [],
  ""parts_referenced"": [
    {
      ""part_number"": ""227C5762"",
      ""context"": ""Applicable 7F Stage 1 turbine wheel part number for specific configuration(s) in Table 1."",
      ""required_inspection_types"": [],
      ""source_location"": ""Table 1 (Applicable 7F Stage 1 Turbine Wheel Configurations)""
    },
    {
      ""part_number"": ""103E5795"",
      ""context"": ""Applicable 7F Stage 1 turbine wheel part number for specific configuration(s) in Table 1."",
      ""required_inspection_types"": [],
      ""source_location"": ""Table 1 (Applicable 7F Stage 1 Turbine Wheel Configurations)""
    },
    {
      ""part_number"": ""188D7369"",
      ""context"": ""Applicable 7F Stage 1 turbine wheel part number for specific configuration(s) in Table 1."",
      ""required_inspection_types"": [],
      ""source_location"": ""Table 1 (Applicable 7F Stage 1 Turbine Wheel Configurations)""
    },
    {
      ""part_number"": ""109E3085"",
      ""context"": ""Applicable 7F Stage 1 turbine wheel part number for specific configuration(s) in Table 1."",
      ""required_inspection_types"": [],
      ""source_location"": ""Table 1 (Applicable 7F Stage 1 Turbine Wheel Configurations)""
    },
    {
      ""part_number"": ""101E8627"",
      ""context"": ""Applicable 7F Stage 1 turbine wheel part number for specific configuration(s) in Table 1."",
      ""required_inspection_types"": [],
      ""source_location"": ""Table 1 (Applicable 7F Stage 1 Turbine Wheel Configurations)""
    },
    {
      ""part_number"": ""109E3896"",
      ""context"": ""Applicable 7F Stage 1 turbine wheel part number for specific configuration(s) in Table 1."",
      ""required_inspection_types"": [],
      ""source_location"": ""Table 1 (Applicable 7F Stage 1 Turbine Wheel Configurations)""
    },
    {
      ""part_number"": ""103E5773"",
      ""context"": ""Applicable 7F Stage 1 turbine wheel part number for specific configuration(s) in Table 1."",
      ""required_inspection_types"": [],
      ""source_location"": ""Table 1 (Applicable 7F Stage 1 Turbine Wheel Configurations)""
    },
    {
      ""part_number"": ""193D2053"",
      ""context"": ""Applicable 7F Stage 1 turbine wheel part number for 'Peening Modification' configuration in Table 1."",
      ""required_inspection_types"": [],
      ""source_location"": ""Table 1 (Applicable 7F Stage 1 Turbine Wheel Configurations)""
    },
    {
      ""part_number"": ""193D2063"",
      ""context"": ""Applicable 7F Stage 1 turbine wheel part number for 'Peening Modification' configuration in Table 1."",
      ""required_inspection_types"": [],
      ""source_location"": ""Table 1 (Applicable 7F Stage 1 Turbine Wheel Configurations)""
    },
    {
      ""part_number"": ""243C1494"",
      ""context"": ""Applicable 7F Stage 1 turbine wheel part number for 'Never Fired without Shot Peening' configuration in Table 1."",
      ""required_inspection_types"": [],
      ""source_location"": ""Table 1 (Applicable 7F Stage 1 Turbine Wheel Configurations)""
    },
    {
      ""part_number"": ""109E5612"",
      ""context"": ""Applicable 7F Stage 1 turbine wheel part number for 'Never Fired without Shot Peening' configuration in Table 1."",
      ""required_inspection_types"": [],
      ""source_location"": ""Table 1 (Applicable 7F Stage 1 Turbine Wheel Configurations)""
    },
    {
      ""part_number"": ""188D7996"",
      ""context"": ""Applicable 7F Stage 1 turbine wheel part number for 'Never Fired without Shot Peening' configuration in Table 1."",
      ""required_inspection_types"": [],
      ""source_location"": ""Table 1 (Applicable 7F Stage 1 Turbine Wheel Configurations)""
    },
    {
      ""part_number"": ""114E1228"",
      ""context"": ""Applicable 7F Stage 1 turbine wheel part number for 'Never Fired without Shot Peening' configuration in Table 1."",
      ""required_inspection_types"": [],
      ""source_location"": ""Table 1 (Applicable 7F Stage 1 Turbine Wheel Configurations)""
    },
    {
      ""part_number"": ""196D1915"",
      ""context"": ""Applicable 7F Stage 1 turbine wheel part number for 'Never Fired without Shot Peening' configuration in Table 1."",
      ""required_inspection_types"": [],
      ""source_location"": ""Table 1 (Applicable 7F Stage 1 Turbine Wheel Configurations)""
    },
    {
      ""part_number"": ""116E2434"",
      ""context"": ""Applicable 7F Stage 1 turbine wheel part number for 'Never Fired without Shot Peening' configuration in Table 1."",
      ""required_inspection_types"": [],
      ""source_location"": ""Table 1 (Applicable 7F Stage 1 Turbine Wheel Configurations)""
    },
    {
      ""part_number"": ""199D3931"",
      ""context"": ""Applicable 7F Stage 1 turbine wheel part number for 'Never Fired without Shot Peening' configuration in Table 1."",
      ""required_inspection_types"": [],
      ""source_location"": ""Table 1 (Applicable 7F Stage 1 Turbine Wheel Configurations)""
    },
    {
      ""part_number"": ""117E5673"",
      ""context"": ""Applicable 7F Stage 1 turbine wheel part number for 'Never Fired without Shot Peening' configuration in Table 1."",
      ""required_inspection_types"": [],
      ""source_location"": ""Table 1 (Applicable 7F Stage 1 Turbine Wheel Configurations)""
    },
    {
      ""part_number"": ""109E5303"",
      ""context"": ""Applicable 7F Stage 1 turbine wheel part number for 'Never Fired without Shot Peening' configuration in Table 1."",
      ""required_inspection_types"": [],
      ""source_location"": ""Table 1 (Applicable 7F Stage 1 Turbine Wheel Configurations)""
    },
    {
      ""part_number"": ""119E2398"",
      ""context"": ""Applicable 7F Stage 1 turbine wheel part number for 'Never Fired without Shot Peening' configuration in Table 1."",
      ""required_inspection_types"": [],
      ""source_location"": ""Table 1 (Applicable 7F Stage 1 Turbine Wheel Configurations)""
    },
    {
      ""part_number"": ""109E5589"",
      ""context"": ""Applicable 7F Stage 1 turbine wheel part number for 'Never Fired without Shot Peening' configuration in Table 1."",
      ""required_inspection_types"": [],
      ""source_location"": ""Table 1 (Applicable 7F Stage 1 Turbine Wheel Configurations)""
    },
    {
      ""part_number"": ""119E2621"",
      ""context"": ""Applicable 7F Stage 1 turbine wheel part number for 'Never Fired without Shot Peening' configuration in Table 1."",
      ""required_inspection_types"": [],
      ""source_location"": ""Table 1 (Applicable 7F Stage 1 Turbine Wheel Configurations)""
    },
    {
      ""part_number"": ""116E3967"",
      ""context"": ""Applicable 7F Stage 1 turbine wheel part number for contoured cooling slot configuration in Table 1."",
      ""required_inspection_types"": [],
      ""source_location"": ""Table 1 (Applicable 7F Stage 1 Turbine Wheel Configurations)""
    },
    {
      ""part_number"": ""119E3771"",
      ""context"": ""Applicable 7F Stage 1 turbine wheel part number for contoured cooling slot configuration in Table 1."",
      ""required_inspection_types"": [],
      ""source_location"": ""Table 1 (Applicable 7F Stage 1 Turbine Wheel Configurations)""
    },
    {
      ""part_number"": ""119E4181"",
      ""context"": ""Applicable 7F Stage 1 turbine wheel part number for contoured cooling slot configuration in Table 1."",
      ""required_inspection_types"": [],
      ""source_location"": ""Table 1 (Applicable 7F Stage 1 Turbine Wheel Configurations)""
    },
    {
      ""part_number"": ""323E2241"",
      ""context"": ""Applicable 7F Stage 1 turbine wheel part number for enhanced cooling slot / stakeless & modified tab configuration in Table 1."",
      ""required_inspection_types"": [],
      ""source_location"": ""Table 1 (Applicable 7F Stage 1 Turbine Wheel Configurations)""
    },
    {
      ""part_number"": ""144E7560"",
      ""context"": ""Applicable 7F Stage 1 turbine wheel part number listed in Table 1 (ECI interval at 96 khrs or 3,600 starts with bracketed back-cut condition)."",
      ""required_inspection_types"": [],
      ""source_location"": ""Table 1 (Applicable 7F Stage 1 Turbine Wheel Configurations)""
    },
    {
      ""part_number"": ""145E3626"",
      ""context"": ""Applicable 7F Stage 1 turbine wheel part number for 3 Step Age / enhanced / stakeless & modified tab configuration in Table 1."",
      ""required_inspection_types"": [],
      ""source_location"": ""Table 1 (Applicable 7F Stage 1 Turbine Wheel Configurations)""
    },
    {
      ""part_number"": ""227C5763"",
      ""context"": ""Applicable 7F Stage 2 turbine wheel part number for fired-without-shot-peening configuration in Table 2."",
      ""required_inspection_types"": [],
      ""source_location"": ""Table 2 (Applicable 7F Stage 2 Turbine Wheel Configurations)""
    },
    {
      ""part_number"": ""103E5796"",
      ""context"": ""Applicable 7F Stage 2 turbine wheel part number for fired-without-shot-peening configuration in Table 2."",
      ""required_inspection_types"": [],
      ""source_location"": ""Table 2 (Applicable 7F Stage 2 Turbine Wheel Configurations)""
    },
    {
      ""part_number"": ""101E8629"",
      ""context"": ""Applicable 7F Stage 2 turbine wheel part number for fired-without-shot-peening configuration in Table 2."",
      ""required_inspection_types"": [],
      ""source_location"": ""Table 2 (Applicable 7F Stage 2 Turbine Wheel Configurations)""
    },
    {
      ""part_number"": ""108E4197"",
      ""context"": ""Applicable 7F Stage 2 turbine wheel part number for fired-without-shot-peening configuration in Table 2."",
      ""required_inspection_types"": [],
      ""source_location"": ""Table 2 (Applicable 7F Stage 2 Turbine Wheel Configurations)""
    },
    {
      ""part_number"": ""103E5775"",
      ""context"": ""Applicable 7F Stage 2 turbine wheel part number for fired-without-shot-peening configuration in Table 2."",
      ""required_inspection_types"": [],
      ""source_location"": ""Table 2 (Applicable 7F Stage 2 Turbine Wheel Configurations)""
    },
    {
      ""part_number"": ""109E3897"",
      ""context"": ""Applicable 7F Stage 2 turbine wheel part number for fired-without-shot-peening configuration in Table 2."",
      ""required_inspection_types"": [],
      ""source_location"": ""Table 2 (Applicable 7F Stage 2 Turbine Wheel Configurations)""
    },
    {
      ""part_number"": ""193D2055"",
      ""context"": ""Applicable 7F Stage 2 turbine wheel part number for 'Peening Modification' configuration in Table 2."",
      ""required_inspection_types"": [],
      ""source_location"": ""Table 2 (Applicable 7F Stage 2 Turbine Wheel Configurations)""
    },
    {
      ""part_number"": ""193D2064"",
      ""context"": ""Applicable 7F Stage 2 turbine wheel part number for 'Peening Modification' configuration in Table 2."",
      ""required_inspection_types"": [],
      ""source_location"": ""Table 2 (Applicable 7F Stage 2 Turbine Wheel Configurations)""
    },
    {
      ""part_number"": ""193D2400"",
      ""context"": ""Applicable 7F Stage 2 turbine wheel part number for 'Never Fired without Shot Peening' configuration in Table 2."",
      ""required_inspection_types"": [],
      ""source_location"": ""Table 2 (Applicable 7F Stage 2 Turbine Wheel Configurations)""
    },
    {
      ""part_number"": ""199D3925"",
      ""context"": ""Applicable 7F Stage 2 turbine wheel part number for 'Never Fired without Shot Peening' configuration in Table 2."",
      ""required_inspection_types"": [],
      ""source_location"": ""Table 2 (Applicable 7F Stage 2 Turbine Wheel Configurations)""
    },
    {
      ""part_number"": ""109E5591"",
      ""context"": ""Applicable 7F Stage 2 turbine wheel part number for 'Never Fired without Shot Peening' configuration in Table 2."",
      ""required_inspection_types"": [],
      ""source_location"": ""Table 2 (Applicable 7F Stage 2 Turbine Wheel Configurations)""
    },
    {
      ""part_number"": ""109E5614"",
      ""context"": ""Applicable 7F Stage 2 turbine wheel part number for 'Never Fired without Shot Peening' configuration in Table 2."",
      ""required_inspection_types"": [],
      ""source_location"": ""Table 2 (Applicable 7F Stage 2 Turbine Wheel Configurations)""
    },
    {
      ""part_number"": ""114E1229"",
      ""context"": ""Applicable 7F Stage 2 turbine wheel part number for 'Never Fired without Shot Peening' configuration in Table 2."",
      ""required_inspection_types"": [],
      ""source_location"": ""Table 2 (Applicable 7F Stage 2 Turbine Wheel Configurations)""
    },
    {
      ""part_number"": ""116E2436"",
      ""context"": ""Applicable 7F Stage 2 turbine wheel part number for 'Never Fired without Shot Peening' configuration in Table 2."",
      ""required_inspection_types"": [],
      ""source_location"": ""Table 2 (Applicable 7F Stage 2 Turbine Wheel Configurations)""
    },
    {
      ""part_number"": ""116E3968"",
      ""context"": ""Applicable 7F Stage 2 turbine wheel part number for contoured cooling slot configuration in Table 2 (ECI interval includes 'at first Major after TW2 Life Extension')."",
      ""required_inspection_types"": [],
      ""source_location"": ""Table 2 (Applicable 7F Stage 2 Turbine Wheel Configurations)""
    },
    {
      ""part_number"": ""119E6503"",
      ""context"": ""Applicable 7F Stage 2 turbine wheel part number for enhanced cooling slot configuration in Table 2."",
      ""required_inspection_types"": [],
      ""source_location"": ""Table 2 (Applicable 7F Stage 2 Turbine Wheel Configurations)""
    },
    {
      ""part_number"": ""323E2240"",
      ""context"": ""Applicable 7F Stage 2 turbine wheel part number for enhanced cooling slot / stakeless & modified tab configuration in Table 2 (ECI interval includes 'at first Major after TW2 Life Extension')."",
      ""required_inspection_types"": [],
      ""source_location"": ""Table 2 (Applicable 7F Stage 2 Turbine Wheel Configurations)""
    },
    {
      ""part_number"": ""146E3627"",
      ""context"": ""Applicable 7F Stage 2 turbine wheel part number for 3 Step Age / enhanced / stakeless & modified tab configuration in Table 2."",
      ""required_inspection_types"": [],
      ""source_location"": ""Table 2 (Applicable 7F Stage 2 Turbine Wheel Configurations)""
    },
    {
      ""part_number"": ""101E2274"",
      ""context"": ""Applicable 9F Stage 1 turbine wheel part number for fired-without-shot-peening configuration in Table 3."",
      ""required_inspection_types"": [],
      ""source_location"": ""Table 3 (Applicable 9F Stage 1 Turbine Wheel Configurations)""
    },
    {
      ""part_number"": ""103E3969"",
      ""context"": ""Applicable 9F Stage 1 turbine wheel part number for fired-without-shot-peening configuration in Table 3."",
      ""required_inspection_types"": [],
      ""source_location"": ""Table 3 (Applicable 9F Stage 1 Turbine Wheel Configurations)""
    },
    {
      ""part_number"": ""109E3982"",
      ""context"": ""Applicable 9F Stage 1 turbine wheel part number for fired-without-shot-peening configuration in Table 3."",
      ""required_inspection_types"": [],
      ""source_location"": ""Table 3 (Applicable 9F Stage 1 Turbine Wheel Configurations)""
    },
    {
      ""part_number"": ""227C5743"",
      ""context"": ""Applicable 9F Stage 1 turbine wheel part number for 'Peening Modification' configuration in Table 3."",
      ""required_inspection_types"": [],
      ""source_location"": ""Table 3 (Applicable 9F Stage 1 Turbine Wheel Configurations)""
    },
    {
      ""part_number"": ""188D7864"",
      ""context"": ""Applicable 9F Stage 1 turbine wheel part number for 'Peening Modification' configuration in Table 3."",
      ""required_inspection_types"": [],
      ""source_location"": ""Table 3 (Applicable 9F Stage 1 Turbine Wheel Configurations)""
    },
    {
      ""part_number"": ""193D2023"",
      ""context"": ""Applicable 9F Stage 1 turbine wheel part number for 'Peening Modification' configuration in Table 3."",
      ""required_inspection_types"": [],
      ""source_location"": ""Table 3 (Applicable 9F Stage 1 Turbine Wheel Configurations)""
    },
    {
      ""part_number"": ""193D2036"",
      ""context"": ""Applicable 9F Stage 1 turbine wheel part number for 'Peening Modification' configuration in Table 3."",
      ""required_inspection_types"": [],
      ""source_location"": ""Table 3 (Applicable 9F Stage 1 Turbine Wheel Configurations)""
    },
    {
      ""part_number"": ""193D2050"",
      ""context"": ""Applicable 9F Stage 1 turbine wheel part number for 'Peening Modification' configuration in Table 3."",
      ""required_inspection_types"": [],
      ""source_location"": ""Table 3 (Applicable 9F Stage 1 Turbine Wheel Configurations)""
    },
    {
      ""part_number"": ""193D2422"",
      ""context"": ""Applicable 9F Stage 1 turbine wheel part number for 'Peening Modification' configuration in Table 3."",
      ""required_inspection_types"": [],
      ""source_location"": ""Table 3 (Applicable 9F Stage 1 Turbine Wheel Configurations)""
    },
    {
      ""part_number"": ""196D1632"",
      ""context"": ""Applicable 9F Stage 1 turbine wheel part number for 'Peening Modification' configuration in Table 3."",
      ""required_inspection_types"": [],
      ""source_location"": ""Table 3 (Applicable 9F Stage 1 Turbine Wheel Configurations)""
    },
    {
      ""part_number"": ""198D1211"",
      ""context"": ""Applicable 9F Stage 1 turbine wheel part number for 'Peening Modification' configuration in Table 3."",
      ""required_inspection_types"": [],
      ""source_location"": ""Table 3 (Applicable 9F Stage 1 Turbine Wheel Configurations)""
    },
    {
      ""part_number"": ""109E5254"",
      ""context"": ""Applicable 9F Stage 1 turbine wheel part number for 'Never Fired without Shot Peening' configuration in Table 3."",
      ""required_inspection_types"": [],
      ""source_location"": ""Table 3 (Applicable 9F Stage 1 Turbine Wheel Configurations)""
    },
    {
      ""part_number"": ""111E3299"",
      ""context"": ""Applicable 9F Stage 1 turbine wheel part number listed in Table 3 (FPI row)."",
      ""required_inspection_types"": [],
      ""source_location"": ""Table 3 (Applicable 9F Stage 1 Turbine Wheel Configurations)""
    },
    {
      ""part_number"": ""119E6594"",
      ""context"": ""Applicable 9F Stage 1 turbine wheel part number for contoured cooling slot configuration in Table 3."",
      ""required_inspection_types"": [],
      ""source_location"": ""Table 3 (Applicable 9F Stage 1 Turbine Wheel Configurations)""
    },
    {
      ""part_number"": ""133E8667"",
      ""context"": ""Applicable 9F Stage 1 turbine wheel part number for enhanced cooling slot configuration in Table 3."",
      ""required_inspection_types"": [],
      ""source_location"": ""Table 3 (Applicable 9F Stage 1 Turbine Wheel Configurations)""
    },
    {
      ""part_number"": ""145E2874"",
      ""context"": ""Applicable 9F Stage 1 turbine wheel part number for stakeless & modified tab configuration in Table 3."",
      ""required_inspection_types"": [],
      ""source_location"": ""Table 3 (Applicable 9F Stage 1 Turbine Wheel Configurations)""
    },
    {
      ""part_number"": ""131T7523"",
      ""context"": ""Applicable 9F Stage 1 turbine wheel part number for 3 Step Age / enhanced / stakeless & modified tab configuration in Table 3."",
      ""required_inspection_types"": [],
      ""source_location"": ""Table 3 (Applicable 9F Stage 1 Turbine Wheel Configurations)""
    },
    {
      ""part_number"": ""131T7534"",
      ""context"": ""Applicable 9F Stage 2 turbine wheel part number for 3 Step Age / enhanced / stakeless & modified tab configuration in Table 4."",
      ""required_inspection_types"": [],
      ""source_location"": ""Table 4 (Applicable 9F Stage 2 Turbine Wheel Configurations)""
    },
    {
      ""part_number"": ""109E9194"",
      ""context"": ""Applicable 6F Stage 1 turbine wheel part number in Table 5 (2 Step Age / never fired without shot peening / original cooling slot geometry)."",
      ""required_inspection_types"": [],
      ""source_location"": ""Table 5 (Applicable 6F Stage 1 Turbine Wheel Configurations)""
    },
    {
      ""part_number"": ""116E3992"",
      ""context"": ""Applicable 6F Stage 1 turbine wheel part number in Table 5 (contoured cooling slot geometry)."",
      ""required_inspection_types"": [],
      ""source_location"": ""Table 5 (Applicable 6F Stage 1 Turbine Wheel Configurations)""
    },
    {
      ""part_number"": ""137E1002"",
      ""context"": ""Applicable 6F Stage 1 turbine wheel part number in Table 5 (enhanced cooling slot geometry)."",
      ""required_inspection_types"": [],
      ""source_location"": ""Table 5 (Applicable 6F Stage 1 Turbine Wheel Configurations)""
    },
    {
      ""part_number"": ""141E4569"",
      ""context"": ""Applicable 6F Stage 1 turbine wheel part number in Table 5 (stakeless & modified tab configuration)."",
      ""required_inspection_types"": [],
      ""source_location"": ""Table 5 (Applicable 6F Stage 1 Turbine Wheel Configurations)""
    },
    {
      ""part_number"": ""131T7543"",
      ""context"": ""Applicable 6F Stage 1 turbine wheel part number for 3 Step Age / enhanced / stakeless & modified tab configuration in Table 5."",
      ""required_inspection_types"": [],
      ""source_location"": ""Table 5 (Applicable 6F Stage 1 Turbine Wheel Configurations)""
    },
    {
      ""part_number"": ""131T7549"",
      ""context"": ""Applicable 6F Stage 2 turbine wheel part number for 3 Step Age / enhanced / stakeless & modified tab configuration in Table 6."",
      ""required_inspection_types"": [],
      ""source_location"": ""Table 6 (Applicable 6F Stage 2 Turbine Wheel Configurations)""
    }
  ],
  ""reference_documents"": [
    {
      ""document_number"": ""TIL 1280"",
      ""document_type"": ""TIL"",
      ""context"": ""Superseded by this TIL.""
    },
    {
      ""document_number"": ""TIL 1327"",
      ""document_type"": ""TIL"",
      ""context"": ""Superseded by this TIL.""
    },
    {
      ""document_number"": ""TIL 1434"",
      ""document_type"": ""TIL"",
      ""context"": ""Superseded by this TIL.""
    },
    {
      ""document_number"": ""TIL 1539"",
      ""document_type"": ""TIL"",
      ""context"": ""Superseded by this TIL.""
    },
    {
      ""document_number"": ""TIL 1540"",
      ""document_type"": ""TIL"",
      ""context"": ""Superseded by this TIL.""
    },
    {
      ""document_number"": ""TIL 1742"",
      ""document_type"": ""TIL"",
      ""context"": ""Superseded by this TIL.""
    }
  ],
  ""configuration_dependent"": true,
  ""configuration_variables"": [
    ""frame_type"",
    ""wheel_stage"",
    ""material_heat_treatment"",
    ""shot_peening_condition_at_first_fire"",
    ""cooling_slot_geometry"",
    ""balance_rail_and_lock_wire_tab_configuration"",
    ""back_cut_buckets_installed"",
    ""cdc_removed_during_hgpi"",
    ""buckets_removed"",
    ""tw2_life_extension_status"",
    ""staked_vs_stakeless_bwg"",
    ""original_vs_modified_lwt""
  ],
  ""configuration_summary"": ""Inspection methods and intervals vary by frame (6F/7F/9F), wheel stage (1/2), heat treatment (2 Step Age vs 3 Step Age), shot peening condition, cooling slot geometry (original/contoured/enhanced), and balance rail/lock wire tab configuration; some ECI intervals change if back cut buckets are not installed and some Stage 2 ECI intervals include an additional trigger at first Major after TW2 Life Extension. Stage 3 wheel and TAS FPI needs depend on staked vs stakeless BWG and original vs modified LWT."",
  ""severity_signals"": [
    ""Compliance Category - A"",
    ""undetected crack may continue to propagate ... releasing a wheel section and/or adjacent turbine blades into the turbine hot gas path section potentially resulting in significant damage"",
    ""increased risk of crack initiation and propagation"",
    ""immediate wheel replacement will be recommended to help avoid the risk of wheel post liberation during operation"",
    ""could result in a partial wheel material liberation""
  ],
  ""failure_consequences"": [
    ""releasing a wheel section and/or adjacent turbine blades into the turbine hot gas path section potentially resulting in significant damage"",
    ""partial wheel material liberation""
  ],
  ""risk_summary"": ""Rotor wheel cracking in high ambient/humid/corrosive environments can propagate to critical length and lead to wheel section/blade release into the hot gas path or partial wheel material liberation, potentially causing significant equipment damage."",
  ""safety_or_damage_language_found"": true,
  ""tables_found_summary"": [
    {
      ""table_label"": ""Compliance Category legend"",
      ""table_description"": ""Defines M/C/A/S compliance categories."",
      ""useful_for_downstream"": false,
      ""reason"": ""Administrative legend; does not provide equipment-specific actions or intervals.""
    },
    {
      ""table_label"": ""Timing Code legend"",
      ""table_description"": ""Defines timing codes 1–6 (e.g., next scheduled outage)."",
      ""useful_for_downstream"": false,
      ""reason"": ""Administrative legend; does not provide equipment-specific actions or intervals.""
    },
    {
      ""table_label"": ""Table 1"",
      ""table_description"": ""Applicable 7F Stage 1 Turbine Wheel Configurations with inspection types (ECI/BI/FPI/UT/VT) and intervals by configuration and applicable part numbers."",
      ""useful_for_downstream"": true,
      ""reason"": ""Contains configuration-to-inspection mapping, intervals, and part numbers needed for outage scoping.""
    },
    {
      ""table_label"": ""Table 2"",
      ""table_description"": ""Applicable 7F Stage 2 Turbine Wheel Configurations with inspection types and intervals by configuration and applicable part numbers (includes TW2 Life Extension trigger for some ECI intervals)."",
      ""useful_for_downstream"": true,
      ""reason"": ""Contains configuration-to-inspection mapping, intervals, and part numbers needed for outage scoping.""
    },
    {
      ""table_label"": ""Table 3"",
      ""table_description"": ""Applicable 9F Stage 1 Turbine Wheel Configurations with inspection types/intervals and applicable part numbers."",
      ""useful_for_downstream"": true,
      ""reason"": ""Contains configuration-to-inspection mapping, intervals, and part numbers needed for outage scoping.""
    },
    {
      ""table_label"": ""Table 4"",
      ""table_description"": ""Applicable 9F Stage 2 Turbine Wheel Configurations with inspection types/intervals and applicable part numbers (includes TW2 Life Extension trigger for some ECI intervals)."",
      ""useful_for_downstream"": true,
      ""reason"": ""Contains configuration-to-inspection mapping, intervals, and part numbers needed for outage scoping.""
    },
    {
      ""table_label"": ""Table 5"",
      ""table_description"": ""Applicable 6F Stage 1 Turbine Wheel Configurations with inspection types/intervals and applicable part numbers."",
      ""useful_for_downstream"": true,
      ""reason"": ""Contains configuration-to-inspection mapping, intervals, and part numbers needed for outage scoping.""
    },
    {
      ""table_label"": ""Table 6"",
      ""table_description"": ""Applicable 6F Stage 2 Turbine Wheel Configurations with inspection types/intervals and applicable part numbers (includes TW2 Life Extension trigger for some ECI intervals)."",
      ""useful_for_downstream"": true,
      ""reason"": ""Contains configuration-to-inspection mapping, intervals, and part numbers needed for outage scoping.""
    }
  ],
  ""missing_information_flags"": [
    ""No explicit list of which specific units/serial numbers are in-scope beyond 'select F-class gas turbine rotors operating in high ambient and specific environmental conditions'."",
    ""Timing Code is stated as '6' but the document does not explicitly restate the required compliance deadline in operating time for this specific TIL beyond the generic timing-code legend."",
    ""Stage 3 wheel (TW3) and turbine aft shaft (TAS) inspection recommendations are provided without associated part numbers or configuration identification guidance.""
  ],
  ""source_snippets"": [
    {
      ""field"": ""purpose"",
      ""snippet"": ""Advise users to perform routine inspections at a maintenance interval based on installed configuration.""
    },
    {
      ""field"": ""reference_documents"",
      ""snippet"": ""This TIL supersedes TILs 1280, 1327, 1434, 1539, 1540, and 1742.""
    },
    {
      ""field"": ""risk_summary"",
      ""snippet"": ""an undetected crack may continue to propagate due to exposure to stress and temperature until either: 1- the crack is detected and either repaired or the rotor is removed from service, or 2- the crack propagates to a critical length, releasing a wheel section and/or adjacent turbine blades into the turbine hot gas path section potentially resulting in significant damage.""
    },
    {
      ""field"": ""failure_consequences"",
      ""snippet"": ""Cracks in the forward wheel web, if left unaddressed, could result in a partial wheel material liberation, particularly when located on the stage 1 wheel.""
    },
    {
      ""field"": ""service_recommendation_line_items"",
      ""snippet"": ""If a cooling slot crack is detected during the inspection, immediate wheel replacement will be recommended to help avoid the risk of wheel post liberation during operation.""
    },
    {
      ""field"": ""service_recommendation_line_items"",
      ""snippet"": ""Dovetail ECI should be performed until rotor retirement at the frequency defined in Table 1.""
    },
    {
      ""field"": ""service_recommendation_line_items"",
      ""snippet"": ""It is recommended to apply dovetail modified Stage 1 and 2 turbine blades at the next scheduled maintenance (hot gas path inspection or major inspection).""
    },
    {
      ""field"": ""scope_of_work"",
      ""snippet"": ""Qualified vendor to perform CO2 blast cleaning of turbine rotor. GE Vernova qualified personnel to perform rotor inspections. Back-cut stage 1 and stage 2 turbine blades.""
    },
    {
      ""field"": ""completion_criteria_text"",
      ""snippet"": ""This TIL is considered completed when the turbine wheels reach end of life and are removed from service.""
    },
    {
      ""field"": ""recommended_interval_or_trigger"",
      ""snippet"": ""For the stage 3 turbine wheel (TW3) and turbine aft shaft (TAS), the following inspections apply regardless of frame size or part numbers:""
    }
  ],
  ""extraction_confidence"": 0.78
}",db4f768722db78a960faf02e817073db,databricks_ai,35559,8,0.78,azure-gpt-5-2,completed,0,null,0,null,null,2026-07-11T00:03:10.943Z,2026-07-11T00:03:10.944Z,null,til_p1_20260710_235420_066bf718
til 1945-r2 - f-class turbine wheel inspection and maintenance recommendations,1945-R2__132e4798d3db71bf7017eba04ab61c1e9d7fa14b37d0adbcb8c7638157fd4925,/Volumes/viud/ing_ud_fsr_manual/manual_field_service_report/TILS_new/TIL 1945-R2 - F-CLASS TURBINE WHEEL INSPECTION AND MAINTENANCE RECOMMENDATIONS.pdf,132e4798d3db71bf7017eba04ab61c1e9d7fa14b37d0adbcb8c7638157fd4925,80d7b00b2555cc21ae49eafdd40a7b8f,databricks_volume,1945-R2,1945-R2,pdf_name_match,databricks_ai,databricks_ai,v1,true,"{""til_number"": ""TIL 1945-R2"", ""revision"": ""R2"", ""title"": ""F-CLASS TURBINE WHEEL INSPECTION AND MAINTENANCE RECOMMENDATIONS"", ""publish_date"": ""2024-07-15"", ""reason_for_revision"": ""1) Added a new 3 Step-Age Heat Treatment category for Stage 1 & Stage 2 wheels applicable to 7F and 6F. 2) Added a specific ECI inspection interval for Stage 1 contoured and enhanced wheels with 2 Step-Age heat treatment, 3) Added a specific ECI inspection interval for Stage 2 wheels post Rotor Life Extension."", ""purpose"": ""Advise users to perform routine turbine wheel inspections at a maintenance interval based on installed configuration; provides inspection recommendations for F-class turbine rotor wheels and supersedes prior related TILs."", ""compliance_category_code"": ""A"", ""compliance_category_text"": null, ""recurring_indicator_if_found"": null, ""til_information_flag"": false, ""coarse_outage_type"": ""Any"", ""scope_of_work"": [""Remove turbine blades prior to beginning inspections per hot gas path outage scope."", ""Clean turbine rotor (preferred CO2/dry ice blasting; hand-cleaning acceptable if CO2 not available) prior to ECI."", ""Perform recommended NDT inspections (ECI/Visual/BI/FPI/UT) per Tables 1\u20136 based on installed wheel configuration (heat treatment, peening condition, cooling slot geometry, balance rail & lock wire tab)."", ""Apply dovetail modified (\u201cback cut\u201d) Stage 1 and 2 turbine blades at the next scheduled maintenance (HGPI or MI)."", ""Perform Stage 3 wheel (TW3) and turbine aft shaft (TAS) inspections per stated staked/stakeless and original/modified conditions.""], ""service_recommendation_line_items"": [""Determine installed Stage 1 and Stage 2 wheel configuration (material heat treatment, shot peening condition at first fire, cooling slot geometry, balance rail & lock wire tab) and follow the applicable inspection methods and intervals in Tables 1\u20136."", ""If peening condition is uncertain for wheels listed as 'Peening Modification': contact GE Vernova representative with turbine (or rotor) serial number to determine applicable peening condition; until validated, assume 'Fired without Shot Peening' recommendations apply."", ""Stage 1 & Stage 2 wheel posts/dovetails: perform dovetail ECI at the frequency defined in Tables 1\u20136 (recommended until rotor retirement)."", ""Perform Visual inspection and borescope inspection (BI) of accessible rotor surfaces when available; for non-shot peened rotors, visual inspection of all exposed turbine rotor surfaces is recommended."", ""Perform UT on 'counterbore outside diameter ligaments on distance piece and turbine aft shaft' as part of recommended inspection features."", ""Perform FPI for cracks on balance weights and lockwire tabs per the intervals in Tables 1\u20136 and the FPI guidance (note: FPI is not recommended for wheel posts)."", ""If a cooling slot crack is detected during inspection, immediately replace the wheel (recommended) to avoid risk of wheel post liberation during operation."", ""Stage 3 turbine wheel (TW3) balance weight grooves: if staked, perform FPI every Major Inspection (MI) and when the Exhaust Frame is removed during Hot Gas Path Inspection (HGPI); if stakeless, no inspections necessary."", ""Stage 3 turbine wheel (TW3) lockwire tabs: if original, perform FPI every HGPI while buckets are removed; if modified, perform FPI every MI."", ""Turbine aft shaft (TAS) balance weight grooves: if staked, perform FPI every MI and when the Exhaust Frame is removed during HGPI; if stakeless, no inspections necessary."", ""Rotor preparation for ECI: clean rotor prior to ECI (preferred dry ice/CO2 blasting; ensure surfaces free of oil beforehand; hand-cleaning acceptable if CO2 blast not available)."", ""Install back cut (dovetail modified) Stage 1 and 2 turbine blades on all turbine rotors; apply at next scheduled maintenance (HGPI or MI) and ensure inventory parts receive back-cut modification via GE Vernova Service Center.""], ""completion_criteria_text"": ""This TIL is considered complete when the turbine wheels reach end of life and are removed from service."", ""maintenance_trigger_text"": null, ""recommended_interval_or_trigger"": [""Per Tables 1\u20136: ECI/Visual/BI/FPI/UT intervals based on installed configuration (heat treatment, peening condition, cooling slot geometry, balance rail & lock wire tab)."", ""Stage 1/2 (varies by configuration): every 24 khrs or 900 starts; every 48 khrs or 2,400 starts; at 96 khrs or 3,600 starts; at 96 khrs or 3,750 starts (inspection window 80\u2013104 khrs); at first Major after TW2 Life Extension; every HGPI when CDC is not removed; LWT FPI every HGPI when buckets are removed; BWG FPI every Major and when CDC is removed during HGPI; LWT FPI every Major (some configurations)."", ""TW3 BWG: if staked, FPI every MI and when Exhaust Frame removed during HGPI; if stakeless, none."", ""TW3 LWT: if original, FPI every HGPI while buckets are removed; if modified, FPI every MI."", ""TAS BWG: if staked, FPI every MI and when Exhaust Frame removed during HGPI; if stakeless, none."", ""Apply back cut Stage 1 and 2 turbine blades at next scheduled maintenance (HGPI or MI).""], ""usage_counters_to_check_or_consider"": [""operating_hours"", ""starts""], ""usage_counter_requirements_text"": ""Inspection intervals in Tables 1\u20136 are expressed in operating hours (khrs) and/or starts (e.g., 'every 24 khrs or 900 starts', '96 khrs or 3,750 starts [inspection window is 80-104 khrs]')."", ""frame_or_model_applicability_text"": ""Select F-class gas turbine rotors; tables provide recommendations for 7F, 9F, and 6F Stage 1 and Stage 2 turbine wheel configurations. Stage 3 wheel (TW3) and turbine aft shaft (TAS) inspections apply regardless of frame size or part numbers."", ""combustion_or_fuel_configuration_text"": null, ""hardware_or_part_configuration_text"": ""Inspection recommendations depend on wheel features including shot peening condition at first fire, cooling slot geometry (original/contoured/enhanced), material heat treatment (2 Step Age / 3 Step Age), and balance rail & lock wire tab configuration (original vs stakeless & modified tab). Some intervals depend on whether back cut buckets are installed, whether CDC is removed during HGPI, and whether specific Stage 2 bucket part numbers are installed."", ""serial_or_unit_applicability_text"": ""For 'Peening Modification' wheels, contact GE Vernova representative with turbine serial number (Stage 1 table) or turbine rotor serial number (Stage 2/9F tables) to determine applicable peening condition."", ""exclusions_or_non_applicable_conditions_text"": ""FPI is not recommended for wheel posts (cracks under dovetail tangs are typically closed). For TW3/TAS: if stakeless, no inspections necessary (for BWG)."", ""required_prior_modifications_text"": null, ""prerequisite_outage_or_inspection_context_text"": ""Turbine blades should be removed prior to beginning inspections per hot gas path outage scope; rotor must be appropriately cleaned prior to ECI (preferred CO2 blasting; surfaces free of oil beforehand)."", ""sbom_dependency_flag"": true, ""sbom_trigger_reason"": ""Multiple specific wheel and bucket part numbers are listed in configuration/inspection tables (Tables 1\u20136) and specific Stage 2 bucket P/N conditions drive inspection intervals; installed configuration verification is required."", ""mli_numbers"": [], ""parts_referenced"": [{""part_number"": ""227C5762"", ""context"": ""7F Stage 1 wheel applicable part number for '2 Step Age / Fired without Shot Peening / Original cooling slot / Original balance rail & lock wire tab' configuration; drives ECI/Visual/BI/FPI/UT interval"", ""required_inspection_types"": [""ECI"", ""Visual"", ""BI"", ""FPI"", ""UT""], ""source_location"": ""Table 1""}, {""part_number"": ""103E5795"", ""context"": ""7F Stage 1 wheel applicable part number for '2 Step Age / Fired without Shot Peening / Original cooling slot / Original balance rail & lock wire tab' configuration; drives ECI/Visual/BI/FPI/UT interval"", ""required_inspection_types"": [""ECI"", ""Visual"", ""BI"", ""FPI"", ""UT""], ""source_location"": ""Table 1""}, {""part_number"": ""188D7369"", ""context"": ""7F Stage 1 wheel applicable part number for '2 Step Age / Fired without Shot Peening / Original cooling slot / Original balance rail & lock wire tab' configuration"", ""required_inspection_types"": [""ECI"", ""Visual"", ""BI"", ""FPI"", ""UT""], ""source_location"": ""Table 1""}, {""part_number"": ""109E3085"", ""context"": ""7F Stage 1 wheel applicable part number for '2 Step Age / Fired without Shot Peening / Original cooling slot / Original balance rail & lock wire tab' configuration"", ""required_inspection_types"": [""ECI"", ""Visual"", ""BI"", ""FPI"", ""UT""], ""source_location"": ""Table 1""}, {""part_number"": ""101E8627"", ""context"": ""7F Stage 1 wheel applicable part number for '2 Step Age / Fired without Shot Peening / Original cooling slot / Original balance rail & lock wire tab' configuration"", ""required_inspection_types"": [""ECI"", ""Visual"", ""BI"", ""FPI"", ""UT""], ""source_location"": ""Table 1""}, {""part_number"": ""109E3896"", ""context"": ""7F Stage 1 wheel applicable part number for '2 Step Age / Fired without Shot Peening / Original cooling slot / Original balance rail & lock wire tab' configuration"", ""required_inspection_types"": [""ECI"", ""Visual"", ""BI"", ""FPI"", ""UT""], ""source_location"": ""Table 1""}, {""part_number"": ""103E5773"", ""context"": ""7F Stage 1 wheel applicable part number for '2 Step Age / Fired without Shot Peening / Original cooling slot / Original balance rail & lock wire tab' configuration"", ""required_inspection_types"": [""ECI"", ""Visual"", ""BI"", ""FPI"", ""UT""], ""source_location"": ""Table 1""}, {""part_number"": ""193D2053"", ""context"": ""7F Stage 1 wheel applicable part number for '2 Step Age / Peening Modification / Original cooling slot / Original balance rail & lock wire tab' configuration (peening condition must be validated; otherwise assume fired-without-shot-peening recommendations)"", ""required_inspection_types"": [], ""source_location"": ""Table 1""}, {""part_number"": ""193D2063"", ""context"": ""7F Stage 1 wheel applicable part number for '2 Step Age / Peening Modification / Original cooling slot / Original balance rail & lock wire tab' configuration (peening condition must be validated; otherwise assume fired-without-shot-peening recommendations)"", ""required_inspection_types"": [], ""source_location"": ""Table 1""}, {""part_number"": ""243C1494"", ""context"": ""7F Stage 1 wheel applicable part number for '2 Step Age / Never Fired without Shot Peening / Original cooling slot / Original balance rail & lock wire tab' configuration; ECI/BI/FPI intervals apply"", ""required_inspection_types"": [""ECI"", ""BI"", ""FPI""], ""source_location"": ""Table 1""}, {""part_number"": ""109E5612"", ""context"": ""7F Stage 1 wheel applicable part number for '2 Step Age / Never Fired without Shot Peening / Original cooling slot / Original balance rail & lock wire tab' configuration; ECI/BI/FPI intervals apply"", ""required_inspection_types"": [""ECI"", ""BI"", ""FPI""], ""source_location"": ""Table 1""}, {""part_number"": ""188D7996"", ""context"": ""7F Stage 1 wheel applicable part number for '2 Step Age / Never Fired without Shot Peening / Original cooling slot / Original balance rail & lock wire tab' configuration"", ""required_inspection_types"": [""ECI"", ""BI"", ""FPI""], ""source_location"": ""Table 1""}, {""part_number"": ""114E1228"", ""context"": ""7F Stage 1 wheel applicable part number for '2 Step Age / Never Fired without Shot Peening / Original cooling slot / Original balance rail & lock wire tab' configuration"", ""required_inspection_types"": [""ECI"", ""BI"", ""FPI""], ""source_location"": ""Table 1""}, {""part_number"": ""196D1915"", ""context"": ""7F Stage 1 wheel applicable part number for '2 Step Age / Never Fired without Shot Peening / Original cooling slot / Original balance rail & lock wire tab' configuration"", ""required_inspection_types"": [""ECI"", ""BI"", ""FPI""], ""source_location"": ""Table 1""}, {""part_number"": ""116E2434"", ""context"": ""7F Stage 1 wheel applicable part number for '2 Step Age / Never Fired without Shot Peening / Original cooling slot / Original balance rail & lock wire tab' configuration"", ""required_inspection_types"": [""ECI"", ""BI"", ""FPI""], ""source_location"": ""Table 1""}, {""part_number"": ""199D3931"", ""context"": ""7F Stage 1 wheel applicable part number for '2 Step Age / Never Fired without Shot Peening / Original cooling slot / Original balance rail & lock wire tab' configuration"", ""required_inspection_types"": [""ECI"", ""BI"", ""FPI""], ""source_location"": ""Table 1""}, {""part_number"": ""117E5673"", ""context"": ""7F Stage 1 wheel applicable part number for '2 Step Age / Never Fired without Shot Peening / Original cooling slot / Original balance rail & lock wire tab' configuration"", ""required_inspection_types"": [""ECI"", ""BI"", ""FPI""], ""source_location"": ""Table 1""}, {""part_number"": ""109E5303"", ""context"": ""7F Stage 1 wheel applicable part number for '2 Step Age / Never Fired without Shot Peening / Original cooling slot / Original balance rail & lock wire tab' configuration"", ""required_inspection_types"": [""ECI"", ""BI"", ""FPI""], ""source_location"": ""Table 1""}, {""part_number"": ""119E2398"", ""context"": ""7F Stage 1 wheel applicable part number for '2 Step Age / Never Fired without Shot Peening / Original cooling slot / Original balance rail & lock wire tab' configuration"", ""required_inspection_types"": [""ECI"", ""BI"", ""FPI""], ""source_location"": ""Table 1""}, {""part_number"": ""109E5589"", ""context"": ""7F Stage 1 wheel applicable part number for '2 Step Age / Never Fired without Shot Peening / Original cooling slot / Original balance rail & lock wire tab' configuration"", ""required_inspection_types"": [""ECI"", ""BI"", ""FPI""], ""source_location"": ""Table 1""}, {""part_number"": ""119E2621"", ""context"": ""7F Stage 1 wheel applicable part number for '2 Step Age / Never Fired without Shot Peening / Original cooling slot / Original balance rail & lock wire tab' configuration"", ""required_inspection_types"": [""ECI"", ""BI"", ""FPI""], ""source_location"": ""Table 1""}, {""part_number"": ""116E3967"", ""context"": ""7F Stage 1 wheel applicable part number for '2 Step Age / Never Fired without Shot Peening / Contoured cooling slot / Original balance rail & lock wire tab' configuration; ECI/BI/FPI intervals apply"", ""required_inspection_types"": [""ECI"", ""BI"", ""FPI""], ""source_location"": ""Table 1""}, {""part_number"": ""119E3771"", ""context"": ""7F Stage 1 wheel applicable part number for '2 Step Age / Never Fired without Shot Peening / Contoured cooling slot / Original balance rail & lock wire tab' configuration; BI interval applies"", ""required_inspection_types"": [""BI""], ""source_location"": ""Table 1""}, {""part_number"": ""119E4181"", ""context"": ""7F Stage 1 wheel applicable part number for '2 Step Age / Never Fired without Shot Peening / Contoured cooling slot / Original balance rail & lock wire tab' configuration; FPI interval applies"", ""required_inspection_types"": [""FPI""], ""source_location"": ""Table 1""}, {""part_number"": ""323E2241"", ""context"": ""7F Stage 1 wheel applicable part number for '2 Step Age / Never Fired without Shot Peening / Enhanced cooling slot / Original balance rail & lock wire tab' configuration; ECI/BI/FPI intervals apply"", ""required_inspection_types"": [""ECI"", ""BI"", ""FPI""], ""source_location"": ""Table 1""}, {""part_number"": ""144E7560"", ""context"": ""7F Stage 1 wheel applicable part number for '2 Step Age / Never Fired without Shot Peening / Enhanced cooling slot / Stakeless & Modified Tab' configuration; ECI and LWT FPI every Major"", ""required_inspection_types"": [""ECI"", ""FPI""], ""source_location"": ""Table 1""}, {""part_number"": ""146E3626"", ""context"": ""7F Stage 1 wheel applicable part number for '3 Step Age / Never Fired without Shot Peening / Enhanced cooling slot / Stakeless & Modified Tab' configuration; LWT FPI every Major"", ""required_inspection_types"": [""FPI""], ""source_location"": ""Table 1""}, {""part_number"": ""227C5763"", ""context"": ""7F Stage 2 wheel applicable part number for '2 Step Age / Fired without Shot Peening / Original cooling slot / Original balance rail & lock wire tab' configuration; drives ECI/Visual/BI/FPI/UT interval"", ""required_inspection_types"": [""ECI"", ""Visual"", ""BI"", ""FPI"", ""UT""], ""source_location"": ""Table 2""}, {""part_number"": ""103E5796"", ""context"": ""7F Stage 2 wheel applicable part number for '2 Step Age / Fired without Shot Peening / Original cooling slot / Original balance rail & lock wire tab' configuration"", ""required_inspection_types"": [""ECI"", ""Visual"", ""BI"", ""FPI"", ""UT""], ""source_location"": ""Table 2""}, {""part_number"": ""101E8629"", ""context"": ""7F Stage 2 wheel applicable part number for '2 Step Age / Fired without Shot Peening / Original cooling slot / Original balance rail & lock wire tab' configuration"", ""required_inspection_types"": [""ECI"", ""Visual"", ""BI"", ""FPI"", ""UT""], ""source_location"": ""Table 2""}, {""part_number"": ""108E4197"", ""context"": ""7F Stage 2 wheel applicable part number for '2 Step Age / Fired without Shot Peening / Original cooling slot / Original balance rail & lock wire tab' configuration"", ""required_inspection_types"": [""ECI"", ""Visual"", ""BI"", ""FPI"", ""UT""], ""source_location"": ""Table 2""}, {""part_number"": ""103E5775"", ""context"": ""7F Stage 2 wheel applicable part number for '2 Step Age / Fired without Shot Peening / Original cooling slot / Original balance rail & lock wire tab' configuration"", ""required_inspection_types"": [""ECI"", ""Visual"", ""BI"", ""FPI"", ""UT""], ""source_location"": ""Table 2""}, {""part_number"": ""109E3897"", ""context"": ""7F Stage 2 wheel applicable part number for '2 Step Age / Fired without Shot Peening / Original cooling slot / Original balance rail & lock wire tab' configuration"", ""required_inspection_types"": [""ECI"", ""Visual"", ""BI"", ""FPI"", ""UT""], ""source_location"": ""Table 2""}, {""part_number"": ""193D2055"", ""context"": ""7F Stage 2 wheel applicable part number for '2 Step Age / Peening Modification / Original cooling slot / Original balance rail & lock wire tab' configuration (peening condition must be validated; otherwise assume fired-without-shot-peening recommendations)"", ""required_inspection_types"": [], ""source_location"": ""Table 2""}, {""part_number"": ""193D2064"", ""context"": ""7F Stage 2 wheel applicable part number for '2 Step Age / Peening Modification / Original cooling slot / Original balance rail & lock wire tab' configuration (peening condition must be validated; otherwise assume fired-without-shot-peening recommendations)"", ""required_inspection_types"": [], ""source_location"": ""Table 2""}, {""part_number"": ""193D2400"", ""context"": ""7F Stage 2 wheel applicable part number for '2 Step Age / Never Fired without Shot Peening / Original cooling slot / Original balance rail & lock wire tab' configuration; ECI interval depends on whether S2B P/N 118T8421 or 122T9656 installed and includes 'at first Major after TW2 Life Extension'"", ""required_inspection_types"": [""ECI""], ""source_location"": ""Table 2""}, {""part_number"": ""199D3925"", ""context"": ""7F Stage 2 wheel applicable part number for '2 Step Age / Never Fired without Shot Peening / Original cooling slot / Original balance rail & lock wire tab' configuration; ECI interval depends on whether S2B P/N 118T8421 or 122T9656 installed and includes 'at first Major after TW2 Life Extension'"", ""required_inspection_types"": [""ECI""], ""source_location"": ""Table 2""}, {""part_number"": ""109E5591"", ""context"": ""7F Stage 2 wheel applicable part number for '2 Step Age / Never Fired without Shot Peening / Original cooling slot / Original balance rail & lock wire tab' configuration; ECI interval depends on whether S2B P/N 118T8421 or 122T9656 installed and includes 'at first Major after TW2 Life Extension'"", ""required_inspection_types"": [""ECI""], ""source_location"": ""Table 2""}, {""part_number"": ""109E5614"", ""context"": ""7F Stage 2 wheel applicable part number for '2 Step Age / Never Fired without Shot Peening / Original cooling slot / Original balance rail & lock wire tab' configuration; ECI interval depends on whether S2B P/N 118T8421 or 122T9656 installed and includes 'at first Major after TW2 Life Extension'"", ""required_inspection_types"": [""ECI""], ""source_location"": ""Table 2""}, {""part_number"": ""114E1229"", ""context"": ""7F Stage 2 wheel applicable part number listed under FPI recommendations for '2 Step Age / Never Fired without Shot Peening / Original cooling slot / Original balance rail & lock wire tab' configuration"", ""required_inspection_types"": [""FPI""], ""source_location"": ""Table 2""}, {""part_number"": ""116E2436"", ""context"": ""7F Stage 2 wheel applicable part number listed under FPI recommendations for '2 Step Age / Never Fired without Shot Peening / Original cooling slot / Original balance rail & lock wire tab' configuration"", ""required_inspection_types"": [""FPI""], ""source_location"": ""Table 2""}, {""part_number"": ""116E3968"", ""context"": ""7F Stage 2 wheel applicable part number for '2 Step Age / Never Fired without Shot Peening / Contoured cooling slot / Original balance rail & lock wire tab' configuration; ECI at first Major after TW2 Life Extension"", ""required_inspection_types"": [""ECI""], ""source_location"": ""Table 2""}, {""part_number"": ""119E6503"", ""context"": ""7F Stage 2 wheel applicable part number for '2 Step Age / Never Fired without Shot Peening / Contoured cooling slot / Original balance rail & lock wire tab' configuration; ECI at first Major after TW2 Life Extension"", ""required_inspection_types"": [""ECI""], ""source_location"": ""Table 2""}, {""part_number"": ""323E2240"", ""context"": ""7F Stage 2 wheel applicable part number for '2 Step Age / Never Fired without Shot Peening / Enhanced cooling slot / Original balance rail & lock wire tab' configuration; ECI at first Major after TW2 Life Extension"", ""required_inspection_types"": [""ECI""], ""source_location"": ""Table 2""}, {""part_number"": ""144E7562"", ""context"": ""7F Stage 2 wheel applicable part number for '2 Step Age / Never Fired without Shot Peening / Enhanced cooling slot / Stakeless & Modified Tab' configuration; ECI at first Major after TW2 Life Extension"", ""required_inspection_types"": [""ECI""], ""source_location"": ""Table 2""}, {""part_number"": ""146E3601"", ""context"": ""7F Stage 2 wheel applicable part number for '3 Step Age / Never Fired without Shot Peening / Enhanced cooling slot / Stakeless & Modified Tab' configuration; LWT FPI every Major"", ""required_inspection_types"": [""FPI""], ""source_location"": ""Table 2""}, {""part_number"": ""118T8421"", ""context"": ""Stage 2 bucket part number condition: if S2B P/N 118T8421 installed, inspect at 96 khrs or 3,750 starts (inspection window 80\u2013104 khrs) and at first Major after TW2 Life Extension (7F Stage 2 table)"", ""required_inspection_types"": [""ECI""], ""source_location"": ""Table 2""}, {""part_number"": ""122T9656"", ""context"": ""Stage 2 bucket part number condition: if S2B P/N 122T9656 installed, inspect at 96 khrs or 3,750 starts (inspection window 80\u2013104 khrs) and at first Major after TW2 Life Extension (7F Stage 2 table)"", ""required_inspection_types"": [""ECI""], ""source_location"": ""Table 2""}, {""part_number"": ""101E2274"", ""context"": ""9F Stage 1 wheel applicable part number for '2 Step Age / Fired without Shot Peening / Original cooling slot / Original balance rail & lock wire tab' configuration; drives ECI/Visual/BI/FPI/UT interval"", ""required_inspection_types"": [""ECI"", ""Visual"", ""BI"", ""FPI"", ""UT""], ""source_location"": ""Table 3""}, {""part_number"": ""103E3969"", ""context"": ""9F Stage 1 wheel applicable part number for '2 Step Age / Fired without Shot Peening / Original cooling slot / Original balance rail & lock wire tab' configuration"", ""required_inspection_types"": [""ECI"", ""Visual"", ""BI"", ""FPI"", ""UT""], ""source_location"": ""Table 3""}, {""part_number"": ""109E3982"", ""context"": ""9F Stage 1 wheel applicable part number for '2 Step Age / Fired without Shot Peening / Original cooling slot / Original balance rail & lock wire tab' configuration"", ""required_inspection_types"": [""ECI"", ""Visual"", ""BI"", ""FPI"", ""UT""], ""source_location"": ""Table 3""}, {""part_number"": ""227C5743"", ""context"": ""9F Stage 1 wheel applicable part number for '2 Step Age / Peening Modification / Original cooling slot / Original balance rail & lock wire tab' configuration (peening condition must be validated; otherwise assume fired-without-shot-peening recommendations)"", ""required_inspection_types"": [], ""source_location"": ""Table 3""}, {""part_number"": ""193D2050"", ""context"": ""9F Stage 1 wheel applicable part number for '2 Step Age / Peening Modification / Original cooling slot / Original balance rail & lock wire tab' configuration (peening condition must be validated; otherwise assume fired-without-shot-peening recommendations)"", ""required_inspection_types"": [], ""source_location"": ""Table 3""}, {""part_number"": ""188D7864"", ""context"": ""9F Stage 1 wheel applicable part number for '2 Step Age / Peening Modification / Original cooling slot / Original balance rail & lock wire tab' configuration"", ""required_inspection_types"": [], ""source_location"": ""Table 3""}, {""part_number"": ""193D2422"", ""context"": ""9F Stage 1 wheel applicable part number for '2 Step Age / Peening Modification / Original cooling slot / Original balance rail & lock wire tab' configuration"", ""required_inspection_types"": [], ""source_location"": ""Table 3""}, {""part_number"": ""193D2023"", ""context"": ""9F Stage 1 wheel applicable part number for '2 Step Age / Peening Modification / Original cooling slot / Original balance rail & lock wire tab' configuration"", ""required_inspection_types"": [], ""source_location"": ""Table 3""}, {""part_number"": ""196D1632"", ""context"": ""9F Stage 1 wheel applicable part number for '2 Step Age / Peening Modification / Original cooling slot / Original balance rail & lock wire tab' configuration"", ""required_inspection_types"": [], ""source_location"": ""Table 3""}, {""part_number"": ""193D2036"", ""context"": ""9F Stage 1 wheel applicable part number for '2 Step Age / Peening Modification / Original cooling slot / Original balance rail & lock wire tab' configuration"", ""required_inspection_types"": [], ""source_location"": ""Table 3""}, {""part_number"": ""198D1211"", ""context"": ""9F Stage 1 wheel applicable part number for '2 Step Age / Peening Modification / Original cooling slot / Original balance rail & lock wire tab' configuration"", ""required_inspection_types"": [], ""source_location"": ""Table 3""}, {""part_number"": ""109E5254"", ""context"": ""9F Stage 1 wheel applicable part number for '2 Step Age / Never Fired without Shot Peening / Original cooling slot / Original balance rail & lock wire tab' configuration; ECI/BI intervals apply"", ""required_inspection_types"": [""ECI"", ""BI""], ""source_location"": ""Table 3""}, {""part_number"": ""111E3299"", ""context"": ""9F Stage 1 wheel applicable part number for '2 Step Age / Never Fired without Shot Peening / Contoured cooling slot / Original balance rail & lock wire tab' configuration; FPI and ECI intervals apply"", ""required_inspection_types"": [""FPI"", ""ECI""], ""source_location"": ""Table 3""}, {""part_number"": ""146E2874"", ""context"": ""9F Stage 1 wheel applicable part number for '2 Step Age / Never Fired without Shot Peening / Enhanced cooling slot / Stakeless & Modified Tab' configuration; ECI/BI/FPI intervals apply"", ""required_inspection_types"": [""ECI"", ""BI"", ""FPI""], ""source_location"": ""Table 3""}, {""part_number"": ""113T0325"", ""context"": ""9F Stage 1 wheel applicable part number for '2 Step Age / Never Fired without Shot Peening / Enhanced cooling slot / Stakeless & Modified Tab' configuration; ECI/BI/FPI intervals apply"", ""required_inspection_types"": [""ECI"", ""BI"", ""FPI""], ""source_location"": ""Table 3""}, {""part_number"": ""101E2276"", ""context"": ""9F Stage 2 wheel applicable part number for '2 Step Age / Fired without Shot Peening / Original cooling slot / Original balance rail & lock wire tab' configuration; drives ECI/Visual/BI/FPI/UT interval"", ""required_inspection_types"": [""ECI"", ""Visual"", ""BI"", ""FPI"", ""UT""], ""source_location"": ""Table 4""}, {""part_number"": ""103E3971"", ""context"": ""9F Stage 2 wheel applicable part number for '2 Step Age / Fired without Shot Peening / Original cooling slot / Original balance rail & lock wire tab' configuration"", ""required_inspection_types"": [""ECI"", ""Visual"", ""BI"", ""FPI"", ""UT""], ""source_location"": ""Table 4""}, {""part_number"": ""109E3893"", ""context"": ""9F Stage 2 wheel applicable part number for '2 Step Age / Fired without Shot Peening / Original cooling slot / Original balance rail & lock wire tab' configuration"", ""required_inspection_types"": [""ECI"", ""Visual"", ""BI"", ""FPI"", ""UT""], ""source_location"": ""Table 4""}, {""part_number"": ""183D7848"", ""context"": ""9F Stage 2 wheel applicable part number for '2 Step Age / Peening Modification / Original cooling slot / Original balance rail & lock wire tab' configuration (peening condition must be validated; otherwise assume fired-without-shot-peening recommendations)"", ""required_inspection_types"": [], ""source_location"": ""Table 4""}, {""part_number"": ""193D2106"", ""context"": ""9F Stage 2 wheel applicable part number for '2 Step Age / Peening Modification / Original cooling slot / Original balance rail & lock wire tab' configuration (peening condition must be validated; otherwise assume fired-without-shot-peening recommendations)"", ""required_inspection_types"": [], ""source_location"": ""Table 4""}, {""part_number"": ""183D7895"", ""context"": ""9F Stage 2 wheel applicable part number for '2 Step Age / Peening Modification / Original cooling slot / Original balance rail & lock wire tab' configuration"", ""required_inspection_types"": [], ""source_location"": ""Table 4""}, {""part_number"": ""193D2025"", ""context"": ""9F Stage 2 wheel applicable part number for '2 Step Age / Peening Modification / Original cooling slot / Original balance rail & lock wire tab' configuration"", ""required_inspection_types"": [], ""source_location"": ""Table 4""}, {""part_number"": ""193D2037"", ""context"": ""9F Stage 2 wheel applicable part number for '2 Step Age / Peening Modification / Original cooling slot / Original balance rail & lock wire tab' configuration"", ""required_inspection_types"": [], ""source_location"": ""Table 4""}, {""part_number"": ""109E5256"", ""context"": ""9F Stage 2 wheel applicable part number for '2 Step Age / Never Fired without Shot Peening / Original cooling slot / Original balance rail & lock wire tab' configuration; ECI interval depends on whether S2B P/N 119T9404 or 122T0124 installed and includes 'at first Major after TW2 Life Extension'"", ""required_inspection_types"": [""ECI""], ""source_location"": ""Table 4""}, {""part_number"": ""111E3298"", ""context"": ""9F Stage 2 wheel applicable part number for '2 Step Age / Never Fired without Shot Peening / Original cooling slot / Original balance rail & lock wire tab' configuration; ECI interval depends on whether S2B P/N 119T9404 or 122T0124 installed and includes 'at first Major after TW2 Life Extension'"", ""required_inspection_types"": [""ECI""], ""source_location"": ""Table 4""}, {""part_number"": ""119E6597"", ""context"": ""9F Stage 2 wheel applicable part number for '2 Step Age / Never Fired without Shot Peening / Contoured cooling slot / Original balance rail & lock wire tab' configuration; ECI at first Major after TW2 Life Extension; FPI per table"", ""required_inspection_types"": [""ECI"", ""FPI""], ""source_location"": ""Table 4""}, {""part_number"": ""133E8776"", ""context"": ""9F Stage 2 wheel applicable part number for '2 Step Age / Never Fired without Shot Peening / Enhanced cooling slot / Stakeless & Modified Tab' configuration; ECI at first Major after TW2 Life Extension; FPI LWT every Major"", ""required_inspection_types"": [""ECI"", ""FPI""], ""source_location"": ""Table 4""}, {""part_number"": ""146E1078"", ""context"": ""9F Stage 2 wheel applicable part number for '2 Step Age / Never Fired without Shot Peening / Enhanced cooling slot / Stakeless & Modified Tab' configuration; ECI at first Major after TW2 Life Extension; FPI LWT every Major"", ""required_inspection_types"": [""ECI"", ""FPI""], ""source_location"": ""Table 4""}, {""part_number"": ""146E2875"", ""context"": ""9F Stage 2 wheel applicable part number for '2 Step Age / Never Fired without Shot Peening / Enhanced cooling slot / Stakeless & Modified Tab' configuration; ECI at first Major after TW2 Life Extension; FPI LWT every Major"", ""required_inspection_types"": [""ECI"", ""FPI""], ""source_location"": ""Table 4""}, {""part_number"": ""113T0328"", ""context"": ""9F Stage 2 wheel applicable part number for '2 Step Age / Never Fired without Shot Peening / Enhanced cooling slot / Stakeless & Modified Tab' configuration; ECI at first Major after TW2 Life Extension; FPI LWT every Major"", ""required_inspection_types"": [""ECI"", ""FPI""], ""source_location"": ""Table 4""}, {""part_number"": ""119T9404"", ""context"": ""Stage 2 bucket part number condition: if S2B P/N 119T9404 installed, inspect at 96 khrs or 3,750 starts (inspection window 80\u2013104 khrs) and at first Major after TW2 Life Extension (9F Stage 2 table)"", ""required_inspection_types"": [""ECI""], ""source_location"": ""Table 4""}, {""part_number"": ""122T0124"", ""context"": ""Stage 2 bucket part number condition: if S2B P/N 122T0124 installed, inspect at 96 khrs or 3,750 starts (inspection window 80\u2013104 khrs) and at first Major after TW2 Life Extension (9F Stage 2 table)"", ""required_inspection_types"": [""ECI""], ""source_location"": ""Table 4""}, {""part_number"": ""109E9194"", ""context"": ""6F Stage 1 wheel applicable part number for '2 Step Age / Never Fired without Shot Peening / Original cooling slot / Original balance rail & lock wire tab' configuration; ECI/BI/FPI intervals apply"", ""required_inspection_types"": [""ECI"", ""BI"", ""FPI""], ""source_location"": ""Table 5""}, {""part_number"": ""116E3992"", ""context"": ""6F Stage 1 wheel applicable part number for '2 Step Age / Never Fired without Shot Peening / Contoured cooling slot / Original balance rail & lock wire tab' configuration; ECI/BI/FPI intervals apply"", ""required_inspection_types"": [""ECI"", ""BI"", ""FPI""], ""source_location"": ""Table 5""}, {""part_number"": ""137E1002"", ""context"": ""6F Stage 1 wheel applicable part number for '2 Step Age / Never Fired without Shot Peening / Enhanced cooling slot / Original balance rail & lock wire tab' configuration; ECI/BI/FPI intervals apply"", ""required_inspection_types"": [""ECI"", ""BI"", ""FPI""], ""source_location"": ""Table 5""}, {""part_number"": ""141E4569"", ""context"": ""6F Stage 1 wheel applicable part number for configuration with 'Stakeless & Modified Tab' (table row shows ECI at 96 khrs or 3,600 starts)"", ""required_inspection_types"": [""ECI""], ""source_location"": ""Table 5""}, {""part_number"": ""121T7210"", ""context"": ""6F Stage 1 wheel applicable part number for configuration with 'Stakeless & Modified Tab' (table row shows ECI at 96 khrs or 3,600 starts)"", ""required_inspection_types"": [""ECI""], ""source_location"": ""Table 5""}, {""part_number"": ""131T7543"", ""context"": ""6F Stage 1 wheel applicable part number for '3 Step Age / Never Fired without Shot Peening / Enhanced cooling slot / Stakeless & Modified Tab' configuration; LWT FPI every Major"", ""required_inspection_types"": [""FPI""], ""source_location"": ""Table 5""}, {""part_number"": ""109E9196"", ""context"": ""6F Stage 2 wheel applicable part number for '2 Step Age / Never Fired without Shot Peening / Original cooling slot / Original balance rail & lock wire tab' configuration; ECI interval depends on whether S2B P/N 120T1387 or 123T0809 installed"", ""required_inspection_types"": [""ECI"", ""FPI""], ""source_location"": ""Table 6""}, {""part_number"": ""116E3994"", ""context"": ""6F Stage 2 wheel applicable part number for '2 Step Age / Never Fired without Shot Peening / Contoured cooling slot / Original balance rail & lock wire tab' configuration; ECI at first Major after TW2 Life Extension; FPI per table"", ""required_inspection_types"": [""ECI"", ""FPI""], ""source_location"": ""Table 6""}, {""part_number"": ""137E1062"", ""context"": ""6F Stage 2 wheel applicable part number for '2 Step Age / Never Fired without Shot Peening / Enhanced cooling slot / Original balance rail & lock wire tab' configuration; ECI at first Major after TW2 Life Extension; FPI per table"", ""required_inspection_types"": [""ECI"", ""FPI""], ""source_location"": ""Table 6""}, {""part_number"": ""141E4586"", ""context"": ""6F Stage 2 wheel applicable part number for configuration with 'Stakeless & Modified Tab' (table shows ECI at first Major after TW2 Life Extension)"", ""required_inspection_types"": [""ECI""], ""source_location"": ""Table 6""}, {""part_number"": ""126T7211"", ""context"": ""6F Stage 2 wheel applicable part number for configuration with 'Stakeless & Modified Tab' (table shows ECI at first Major after TW2 Life Extension)"", ""required_inspection_types"": [""ECI""], ""source_location"": ""Table 6""}, {""part_number"": ""131T7549"", ""context"": ""6F Stage 2 wheel applicable part number for '3 Step Age / Never Fired without Shot Peening / Enhanced cooling slot / Stakeless & Modified Tab' configuration; LWT FPI every Major"", ""required_inspection_types"": [""FPI""], ""source_location"": ""Table 6""}, {""part_number"": ""120T1387"", ""context"": ""Stage 2 bucket part number condition: if S2B P/N 120T1387 installed, inspect at 96 khrs or 3,750 starts (inspection window 80\u2013104 khrs) (6F Stage 2 table)"", ""required_inspection_types"": [""ECI""], ""source_location"": ""Table 6""}, {""part_number"": ""123T0809"", ""context"": ""Stage 2 bucket part number condition: if S2B P/N 123T0809 installed, inspect at 96 khrs or 3,750 starts (inspection window 80\u2013104 khrs) (6F Stage 2 table)"", ""required_inspection_types"": [""ECI""], ""source_location"": ""Table 6""}], ""reference_documents"": [{""document_number"": ""TIL 1280"", ""document_type"": ""TIL"", ""context"": ""Superseded by this TIL""}, {""document_number"": ""TIL 1327"", ""document_type"": ""TIL"", ""context"": ""Superseded by this TIL""}, {""document_number"": ""TIL 1434"", ""document_type"": ""TIL"", ""context"": ""Superseded by this TIL""}, {""document_number"": ""TIL 1539"", ""document_type"": ""TIL"", ""context"": ""Superseded by this TIL""}, {""document_number"": ""TIL 1540"", ""document_type"": ""TIL"", ""context"": ""Superseded by this TIL""}, {""document_number"": ""TIL 1742"", ""document_type"": ""TIL"", ""context"": ""Superseded by this TIL""}, {""document_number"": ""TIL 1937"", ""document_type"": ""TIL"", ""context"": ""Addresses rotors operating in high ambient and/or corrosive conditions""}], ""configuration_dependent"": true, ""configuration_variables"": [""frame_type"", ""wheel_stage"", ""material_heat_treatment"", ""shot_peening_condition_at_first_fire"", ""cooling_slot_geometry"", ""balance_rail_and_lock_wire_tab_configuration"", ""back_cut_buckets_installed"", ""cdc_removed_during_hgpi"", ""stage_2_bucket_part_number_installed"", ""tw3_bwg_staked_vs_stakeless"", ""tw3_lwt_original_vs_modified"", ""tas_bwg_staked_vs_stakeless""], ""configuration_summary"": ""Inspection methods and intervals vary by frame (6F/7F/9F), wheel stage (1/2), heat treatment (2 Step Age vs 3 Step Age), peening condition (fired without shot peening vs never fired without shot peening vs peening modification), cooling slot geometry (original/contoured/enhanced), and balance rail/lock wire tab design; some intervals further depend on whether back cut buckets are installed, whether CDC is removed during HGPI, and whether specific Stage 2 bucket part numbers are installed. TW3/TAS inspections depend on staked vs stakeless BWG and original vs modified LWT."", ""severity_signals"": [""Failure to comply with the TIL could result in equipment damage or facility damage."", ""an undetected crack may continue to propagate ... releasing a wheel section and/or adjacent turbine blades into the turbine hot gas path section potentially resulting in significant damage."", ""immediate wheel replacement will be recommended to avoid the risk of wheel post liberation during operation."", ""Cracks in the forward wheel web, if left unaddressed, could result in a partial wheel material liberation""], ""failure_consequences"": [""releasing a wheel section and/or adjacent turbine blades into the turbine hot gas path section potentially resulting in significant damage."", ""wheel post liberation during operation."", ""partial wheel material liberation""], ""risk_summary"": ""Undetected wheel cracking can propagate to critical length and lead to wheel section/blade release, wheel post liberation, and significant turbine hot gas path damage; compliance is categorized as Alert (A)."", ""safety_or_damage_language_found"": true, ""tables_found_summary"": [{""table_label"": ""Compliance Category legend"", ""table_description"": ""Defines M/C/A/S compliance categories"", ""useful_for_downstream"": false, ""reason"": ""Administrative legend; does not provide equipment-specific actions or intervals.""}, {""table_label"": ""Timing Code legend"", ""table_description"": ""Defines timing codes 1\u20136 (e.g., 'Next Scheduled Outage')"", ""useful_for_downstream"": false, ""reason"": ""Administrative legend; does not provide equipment-specific actions or intervals.""}, {""table_label"": ""Table 1"", ""table_description"": ""Applicable 7F Stage 1 Turbine Wheel Configurations with inspection types, intervals, and applicable part numbers by configuration"", ""useful_for_downstream"": true, ""reason"": ""Contains configuration-dependent inspection methods/intervals and wheel part numbers needed for outage scoping.""}, {""table_label"": ""Table 2"", ""table_description"": ""Applicable 7F Stage 2 Turbine Wheel Configurations with inspection types, intervals, and applicable part numbers by configuration (includes Stage 2 bucket P/N conditional interval)"", ""useful_for_downstream"": true, ""reason"": ""Contains configuration-dependent inspection methods/intervals and part-number conditions that change inspection timing.""}, {""table_label"": ""Table 3"", ""table_description"": ""Applicable 9F Stage 1 Turbine Wheel Configurations with inspection types, intervals, and applicable part numbers by configuration"", ""useful_for_downstream"": true, ""reason"": ""Contains configuration-dependent inspection methods/intervals and wheel part numbers needed for outage scoping.""}, {""table_label"": ""Table 4"", ""table_description"": ""Applicable 9F Stage 2 Turbine Wheel Configurations with inspection types, intervals, and applicable part numbers by configuration (includes Stage 2 bucket P/N conditional interval)"", ""useful_for_downstream"": true, ""reason"": ""Contains configuration-dependent inspection methods/intervals and part-number conditions that change inspection timing.""}, {""table_label"": ""Table 5"", ""table_description"": ""Applicable 6F Stage 1 Turbine Wheel Configurations with inspection types, intervals, and applicable part numbers by configuration"", ""useful_for_downstream"": true, ""reason"": ""Contains configuration-dependent inspection methods/intervals and wheel part numbers needed for outage scoping.""}, {""table_label"": ""Table 6"", ""table_description"": ""Applicable 6F Stage 2 Turbine Wheel Configurations with inspection types, intervals, and applicable part numbers by configuration (includes Stage 2 bucket P/N conditional interval)"", ""useful_for_downstream"": true, ""reason"": ""Contains configuration-dependent inspection methods/intervals and part-number conditions that change inspection timing.""}], ""missing_information_flags"": [""Compliance category full description text (A - Alert...) is not explicitly stated in the document body text provided (only 'Compliance Category - A')."", ""Recurring indicator is not stated."", ""Coarse outage type is not explicitly stated; recommendations reference HGPI/MI and blade removal but no single outage type is declared as the only applicable outage.""], ""source_snippets"": [{""field"": ""purpose"", ""snippet"": ""Advise users to perform routine inspections at a maintenance interval based on installed configuration. This TIL supersedes TILs 1280, 1327, 1434, 1539, 1540, and 1742.""}, {""field"": ""failure_consequences"", ""snippet"": ""the crack propagates to a critical length, releasing a wheel section and/or adjacent turbine blades into the turbine hot gas path section potentially resulting in significant damage.""}, {""field"": ""failure_consequences"", ""snippet"": ""If a cooling slot crack is detected during the inspection, immediate wheel replacement will be recommended to avoid the risk of wheel post liberation during operation.""}, {""field"": ""failure_consequences"", ""snippet"": ""Cracks in the forward wheel web, if left unaddressed, could result in a partial wheel material liberation, particularly when located on the stage 1 wheel.""}, {""field"": ""service_recommendation_line_items"", ""snippet"": ""Dovetail ECI is recommended for all wheel posts until rotor retirement at the frequency defined in Tables 1-6.""}, {""field"": ""service_recommendation_line_items"", ""snippet"": ""In addition to these inspections, it is recommended that back cut turbine blades always be installed on all turbine rotors.""}, {""field"": ""service_recommendation_line_items"", ""snippet"": ""It is recommended to apply dovetail modified Stage 1 and 2 turbine blades at the next scheduled maintenance (hot gas path inspection or major inspection).""}, {""field"": ""scope_of_work"", ""snippet"": ""Turbine blades should be removed prior to beginning these inspections per hot gas path outage scope.""}, {""field"": ""completion_criteria_text"", ""snippet"": ""This TIL is considered complete when the turbine wheels reach end of life and are removed from service.""}, {""field"": ""service_recommendation_line_items"", ""snippet"": ""For the stage 3 turbine wheel (TW3) and turbine aft shaft (TAS), the following inspections apply regardless of frame size or part numbers:""}, {""field"": ""service_recommendation_line_items"", ""snippet"": ""TW3 balance weight grooves 1. If staked: FPI every Major Inspection (MI) and when the Exhaust Frame is removed during Hot Gas Path Inspection (HGPI) 2. If stakeless: no inspections necessary""}, {""field"": ""service_recommendation_line_items"", ""snippet"": ""TW3 lockwire tabs 1. If original: FPI every HGPI while buckets are removed 2. If modified: FPI every MI""}, {""field"": ""service_recommendation_line_items"", ""snippet"": ""TAS balance weight grooves 1. If staked: FPI every MI and when the Exhaust Frame is removed during HGPI 2. If stakeless: no inspections necessary""}], ""extraction_confidence"": 0.86}","```json
{
  ""til_number"": ""TIL 1945-R2"",
  ""revision"": ""R2"",
  ""title"": ""F-CLASS TURBINE WHEEL INSPECTION AND MAINTENANCE RECOMMENDATIONS"",
  ""publish_date"": ""2024-07-15"",
  ""reason_for_revision"": ""1) Added a new 3 Step-Age Heat Treatment category for Stage 1 & Stage 2 wheels applicable to 7F and 6F. 2) Added a specific ECI inspection interval for Stage 1 contoured and enhanced wheels with 2 Step-Age heat treatment, 3) Added a specific ECI inspection interval for Stage 2 wheels post Rotor Life Extension."",
  ""purpose"": ""Advise users to perform routine turbine wheel inspections at a maintenance interval based on installed configuration; provides inspection recommendations for F-class turbine rotor wheels and supersedes prior related TILs."",
  ""compliance_category_code"": ""A"",
  ""compliance_category_text"": null,
  ""recurring_indicator_if_found"": null,
  ""til_information_flag"": false,
  ""coarse_outage_type"": ""Any"",
  ""scope_of_work"": [
    ""Remove turbine blades prior to beginning inspections per hot gas path outage scope."",
    ""Clean turbine rotor (preferred CO2/dry ice blasting; hand-cleaning acceptable if CO2 not available) prior to ECI."",
    ""Perform recommended NDT inspections (ECI/Visual/BI/FPI/UT) per Tables 1–6 based on installed wheel configuration (heat treatment, peening condition, cooling slot geometry, balance rail & lock wire tab)."",
    ""Apply dovetail modified (“back cut”) Stage 1 and 2 turbine blades at the next scheduled maintenance (HGPI or MI)."",
    ""Perform Stage 3 wheel (TW3) and turbine aft shaft (TAS) inspections per stated staked/stakeless and original/modified conditions.""
  ],
  ""service_recommendation_line_items"": [
    ""Determine installed Stage 1 and Stage 2 wheel configuration (material heat treatment, shot peening condition at first fire, cooling slot geometry, balance rail & lock wire tab) and follow the applicable inspection methods and intervals in Tables 1–6."",
    ""If peening condition is uncertain for wheels listed as 'Peening Modification': contact GE Vernova representative with turbine (or rotor) serial number to determine applicable peening condition; until validated, assume 'Fired without Shot Peening' recommendations apply."",
    ""Stage 1 & Stage 2 wheel posts/dovetails: perform dovetail ECI at the frequency defined in Tables 1–6 (recommended until rotor retirement)."",
    ""Perform Visual inspection and borescope inspection (BI) of accessible rotor surfaces when available; for non-shot peened rotors, visual inspection of all exposed turbine rotor surfaces is recommended."",
    ""Perform UT on 'counterbore outside diameter ligaments on distance piece and turbine aft shaft' as part of recommended inspection features."",
    ""Perform FPI for cracks on balance weights and lockwire tabs per the intervals in Tables 1–6 and the FPI guidance (note: FPI is not recommended for wheel posts)."",
    ""If a cooling slot crack is detected during inspection, immediately replace the wheel (recommended) to avoid risk of wheel post liberation during operation."",
    ""Stage 3 turbine wheel (TW3) balance weight grooves: if staked, perform FPI every Major Inspection (MI) and when the Exhaust Frame is removed during Hot Gas Path Inspection (HGPI); if stakeless, no inspections necessary."",
    ""Stage 3 turbine wheel (TW3) lockwire tabs: if original, perform FPI every HGPI while buckets are removed; if modified, perform FPI every MI."",
    ""Turbine aft shaft (TAS) balance weight grooves: if staked, perform FPI every MI and when the Exhaust Frame is removed during HGPI; if stakeless, no inspections necessary."",
    ""Rotor preparation for ECI: clean rotor prior to ECI (preferred dry ice/CO2 blasting; ensure surfaces free of oil beforehand; hand-cleaning acceptable if CO2 blast not available)."",
    ""Install back cut (dovetail modified) Stage 1 and 2 turbine blades on all turbine rotors; apply at next scheduled maintenance (HGPI or MI) and ensure inventory parts receive back-cut modification via GE Vernova Service Center.""
  ],
  ""completion_criteria_text"": ""This TIL is considered complete when the turbine wheels reach end of life and are removed from service."",
  ""maintenance_trigger_text"": null,
  ""recommended_interval_or_trigger"": [
    ""Per Tables 1–6: ECI/Visual/BI/FPI/UT intervals based on installed configuration (heat treatment, peening condition, cooling slot geometry, balance rail & lock wire tab)."",
    ""Stage 1/2 (varies by configuration): every 24 khrs or 900 starts; every 48 khrs or 2,400 starts; at 96 khrs or 3,600 starts; at 96 khrs or 3,750 starts (inspection window 80–104 khrs); at first Major after TW2 Life Extension; every HGPI when CDC is not removed; LWT FPI every HGPI when buckets are removed; BWG FPI every Major and when CDC is removed during HGPI; LWT FPI every Major (some configurations)."",
    ""TW3 BWG: if staked, FPI every MI and when Exhaust Frame removed during HGPI; if stakeless, none."",
    ""TW3 LWT: if original, FPI every HGPI while buckets are removed; if modified, FPI every MI."",
    ""TAS BWG: if staked, FPI every MI and when Exhaust Frame removed during HGPI; if stakeless, none."",
    ""Apply back cut Stage 1 and 2 turbine blades at next scheduled maintenance (HGPI or MI).""
  ],
  ""usage_counters_to_check_or_consider"": [
    ""operating_hours"",
    ""starts""
  ],
  ""usage_counter_requirements_text"": ""Inspection intervals in Tables 1–6 are expressed in operating hours (khrs) and/or starts (e.g., 'every 24 khrs or 900 starts', '96 khrs or 3,750 starts [inspection window is 80-104 khrs]')."",
  ""frame_or_model_applicability_text"": ""Select F-class gas turbine rotors; tables provide recommendations for 7F, 9F, and 6F Stage 1 and Stage 2 turbine wheel configurations. Stage 3 wheel (TW3) and turbine aft shaft (TAS) inspections apply regardless of frame size or part numbers."",
  ""combustion_or_fuel_configuration_text"": null,
  ""hardware_or_part_configuration_text"": ""Inspection recommendations depend on wheel features including shot peening condition at first fire, cooling slot geometry (original/contoured/enhanced), material heat treatment (2 Step Age / 3 Step Age), and balance rail & lock wire tab configuration (original vs stakeless & modified tab). Some intervals depend on whether back cut buckets are installed, whether CDC is removed during HGPI, and whether specific Stage 2 bucket part numbers are installed."",
  ""serial_or_unit_applicability_text"": ""For 'Peening Modification' wheels, contact GE Vernova representative with turbine serial number (Stage 1 table) or turbine rotor serial number (Stage 2/9F tables) to determine applicable peening condition."",
  ""exclusions_or_non_applicable_conditions_text"": ""FPI is not recommended for wheel posts (cracks under dovetail tangs are typically closed). For TW3/TAS: if stakeless, no inspections necessary (for BWG)."",
  ""required_prior_modifications_text"": null,
  ""prerequisite_outage_or_inspection_context_text"": ""Turbine blades should be removed prior to beginning inspections per hot gas path outage scope; rotor must be appropriately cleaned prior to ECI (preferred CO2 blasting; surfaces free of oil beforehand)."",
  ""sbom_dependency_flag"": true,
  ""sbom_trigger_reason"": ""Multiple specific wheel and bucket part numbers are listed in configuration/inspection tables (Tables 1–6) and specific Stage 2 bucket P/N conditions drive inspection intervals; installed configuration verification is required."",
  ""mli_numbers"": [],
  ""parts_referenced"": [
    {
      ""part_number"": ""227C5762"",
      ""context"": ""7F Stage 1 wheel applicable part number for '2 Step Age / Fired without Shot Peening / Original cooling slot / Original balance rail & lock wire tab' configuration; drives ECI/Visual/BI/FPI/UT interval"",
      ""required_inspection_types"": [
        ""ECI"",
        ""Visual"",
        ""BI"",
        ""FPI"",
        ""UT""
      ],
      ""source_location"": ""Table 1 (Applicable 7F Stage 1 Turbine Wheel Configurations)""
    },
    {
      ""part_number"": ""103E5795"",
      ""context"": ""7F Stage 1 wheel applicable part number for '2 Step Age / Fired without Shot Peening / Original cooling slot / Original balance rail & lock wire tab' configuration; drives ECI/Visual/BI/FPI/UT interval"",
      ""required_inspection_types"": [
        ""ECI"",
        ""Visual"",
        ""BI"",
        ""FPI"",
        ""UT""
      ],
      ""source_location"": ""Table 1""
    },
    {
      ""part_number"": ""188D7369"",
      ""context"": ""7F Stage 1 wheel applicable part number for '2 Step Age / Fired without Shot Peening / Original cooling slot / Original balance rail & lock wire tab' configuration"",
      ""required_inspection_types"": [
        ""ECI"",
        ""Visual"",
        ""BI"",
        ""FPI"",
        ""UT""
      ],
      ""source_location"": ""Table 1""
    },
    {
      ""part_number"": ""109E3085"",
      ""context"": ""7F Stage 1 wheel applicable part number for '2 Step Age / Fired without Shot Peening / Original cooling slot / Original balance rail & lock wire tab' configuration"",
      ""required_inspection_types"": [
        ""ECI"",
        ""Visual"",
        ""BI"",
        ""FPI"",
        ""UT""
      ],
      ""source_location"": ""Table 1""
    },
    {
      ""part_number"": ""101E8627"",
      ""context"": ""7F Stage 1 wheel applicable part number for '2 Step Age / Fired without Shot Peening / Original cooling slot / Original balance rail & lock wire tab' configuration"",
      ""required_inspection_types"": [
        ""ECI"",
        ""Visual"",
        ""BI"",
        ""FPI"",
        ""UT""
      ],
      ""source_location"": ""Table 1""
    },
    {
      ""part_number"": ""109E3896"",
      ""context"": ""7F Stage 1 wheel applicable part number for '2 Step Age / Fired without Shot Peening / Original cooling slot / Original balance rail & lock wire tab' configuration"",
      ""required_inspection_types"": [
        ""ECI"",
        ""Visual"",
        ""BI"",
        ""FPI"",
        ""UT""
      ],
      ""source_location"": ""Table 1""
    },
    {
      ""part_number"": ""103E5773"",
      ""context"": ""7F Stage 1 wheel applicable part number for '2 Step Age / Fired without Shot Peening / Original cooling slot / Original balance rail & lock wire tab' configuration"",
      ""required_inspection_types"": [
        ""ECI"",
        ""Visual"",
        ""BI"",
        ""FPI"",
        ""UT""
      ],
      ""source_location"": ""Table 1""
    },
    {
      ""part_number"": ""193D2053"",
      ""context"": ""7F Stage 1 wheel applicable part number for '2 Step Age / Peening Modification / Original cooling slot / Original balance rail & lock wire tab' configuration (peening condition must be validated; otherwise assume fired-without-shot-peening recommendations)"",
      ""required_inspection_types"": [],
      ""source_location"": ""Table 1""
    },
    {
      ""part_number"": ""193D2063"",
      ""context"": ""7F Stage 1 wheel applicable part number for '2 Step Age / Peening Modification / Original cooling slot / Original balance rail & lock wire tab' configuration (peening condition must be validated; otherwise assume fired-without-shot-peening recommendations)"",
      ""required_inspection_types"": [],
      ""source_location"": ""Table 1""
    },
    {
      ""part_number"": ""243C1494"",
      ""context"": ""7F Stage 1 wheel applicable part number for '2 Step Age / Never Fired without Shot Peening / Original cooling slot / Original balance rail & lock wire tab' configuration; ECI/BI/FPI intervals apply"",
      ""required_inspection_types"": [
        ""ECI"",
        ""BI"",
        ""FPI""
      ],
      ""source_location"": ""Table 1""
    },
    {
      ""part_number"": ""109E5612"",
      ""context"": ""7F Stage 1 wheel applicable part number for '2 Step Age / Never Fired without Shot Peening / Original cooling slot / Original balance rail & lock wire tab' configuration; ECI/BI/FPI intervals apply"",
      ""required_inspection_types"": [
        ""ECI"",
        ""BI"",
        ""FPI""
      ],
      ""source_location"": ""Table 1""
    },
    {
      ""part_number"": ""188D7996"",
      ""context"": ""7F Stage 1 wheel applicable part number for '2 Step Age / Never Fired without Shot Peening / Original cooling slot / Original balance rail & lock wire tab' configuration"",
      ""required_inspection_types"": [
        ""ECI"",
        ""BI"",
        ""FPI""
      ],
      ""source_location"": ""Table 1""
    },
    {
      ""part_number"": ""114E1228"",
      ""context"": ""7F Stage 1 wheel applicable part number for '2 Step Age / Never Fired without Shot Peening / Original cooling slot / Original balance rail & lock wire tab' configuration"",
      ""required_inspection_types"": [
        ""ECI"",
        ""BI"",
        ""FPI""
      ],
      ""source_location"": ""Table 1""
    },
    {
      ""part_number"": ""196D1915"",
      ""context"": ""7F Stage 1 wheel applicable part number for '2 Step Age / Never Fired without Shot Peening / Original cooling slot / Original balance rail & lock wire tab' configuration"",
      ""required_inspection_types"": [
        ""ECI"",
        ""BI"",
        ""FPI""
      ],
      ""source_location"": ""Table 1""
    },
    {
      ""part_number"": ""116E2434"",
      ""context"": ""7F Stage 1 wheel applicable part number for '2 Step Age / Never Fired without Shot Peening / Original cooling slot / Original balance rail & lock wire tab' configuration"",
      ""required_inspection_types"": [
        ""ECI"",
        ""BI"",
        ""FPI""
      ],
      ""source_location"": ""Table 1""
    },
    {
      ""part_number"": ""199D3931"",
      ""context"": ""7F Stage 1 wheel applicable part number for '2 Step Age / Never Fired without Shot Peening / Original cooling slot / Original balance rail & lock wire tab' configuration"",
      ""required_inspection_types"": [
        ""ECI"",
        ""BI"",
        ""FPI""
      ],
      ""source_location"": ""Table 1""
    },
    {
      ""part_number"": ""117E5673"",
      ""context"": ""7F Stage 1 wheel applicable part number for '2 Step Age / Never Fired without Shot Peening / Original cooling slot / Original balance rail & lock wire tab' configuration"",
      ""required_inspection_types"": [
        ""ECI"",
        ""BI"",
        ""FPI""
      ],
      ""source_location"": ""Table 1""
    },
    {
      ""part_number"": ""109E5303"",
      ""context"": ""7F Stage 1 wheel applicable part number for '2 Step Age / Never Fired without Shot Peening / Original cooling slot / Original balance rail & lock wire tab' configuration"",
      ""required_inspection_types"": [
        ""ECI"",
        ""BI"",
        ""FPI""
      ],
      ""source_location"": ""Table 1""
    },
    {
      ""part_number"": ""119E2398"",
      ""context"": ""7F Stage 1 wheel applicable part number for '2 Step Age / Never Fired without Shot Peening / Original cooling slot / Original balance rail & lock wire tab' configuration"",
      ""required_inspection_types"": [
        ""ECI"",
        ""BI"",
        ""FPI""
      ],
      ""source_location"": ""Table 1""
    },
    {
      ""part_number"": ""109E5589"",
      ""context"": ""7F Stage 1 wheel applicable part number for '2 Step Age / Never Fired without Shot Peening / Original cooling slot / Original balance rail & lock wire tab' configuration"",
      ""required_inspection_types"": [
        ""ECI"",
        ""BI"",
        ""FPI""
      ],
      ""source_location"": ""Table 1""
    },
    {
      ""part_number"": ""119E2621"",
      ""context"": ""7F Stage 1 wheel applicable part number for '2 Step Age / Never Fired without Shot Peening / Original cooling slot / Original balance rail & lock wire tab' configuration"",
      ""required_inspection_types"": [
        ""ECI"",
        ""BI"",
        ""FPI""
      ],
      ""source_location"": ""Table 1""
    },
    {
      ""part_number"": ""116E3967"",
      ""context"": ""7F Stage 1 wheel applicable part number for '2 Step Age / Never Fired without Shot Peening / Contoured cooling slot / Original balance rail & lock wire tab' configuration; ECI/BI/FPI intervals apply"",
      ""required_inspection_types"": [
        ""ECI"",
        ""BI"",
        ""FPI""
      ],
      ""source_location"": ""Table 1""
    },
    {
      ""part_number"": ""119E3771"",
      ""context"": ""7F Stage 1 wheel applicable part number for '2 Step Age / Never Fired without Shot Peening / Contoured cooling slot / Original balance rail & lock wire tab' configuration; BI interval applies"",
      ""required_inspection_types"": [
        ""BI""
      ],
      ""source_location"": ""Table 1""
    },
    {
      ""part_number"": ""119E4181"",
      ""context"": ""7F Stage 1 wheel applicable part number for '2 Step Age / Never Fired without Shot Peening / Contoured cooling slot / Original balance rail & lock wire tab' configuration; FPI interval applies"",
      ""required_inspection_types"": [
        ""FPI""
      ],
      ""source_location"": ""Table 1""
    },
    {
      ""part_number"": ""323E2241"",
      ""context"": ""7F Stage 1 wheel applicable part number for '2 Step Age / Never Fired without Shot Peening / Enhanced cooling slot / Original balance rail & lock wire tab' configuration; ECI/BI/FPI intervals apply"",
      ""required_inspection_types"": [
        ""ECI"",
        ""BI"",
        ""FPI""
      ],
      ""source_location"": ""Table 1""
    },
    {
      ""part_number"": ""144E7560"",
      ""context"": ""7F Stage 1 wheel applicable part number for '2 Step Age / Never Fired without Shot Peening / Enhanced cooling slot / Stakeless & Modified Tab' configuration; ECI and LWT FPI every Major"",
      ""required_inspection_types"": [
        ""ECI"",
        ""FPI""
      ],
      ""source_location"": ""Table 1""
    },
    {
      ""part_number"": ""146E3626"",
      ""context"": ""7F Stage 1 wheel applicable part number for '3 Step Age / Never Fired without Shot Peening / Enhanced cooling slot / Stakeless & Modified Tab' configuration; LWT FPI every Major"",
      ""required_inspection_types"": [
        ""FPI""
      ],
      ""source_location"": ""Table 1""
    },
    {
      ""part_number"": ""227C5763"",
      ""context"": ""7F Stage 2 wheel applicable part number for '2 Step Age / Fired without Shot Peening / Original cooling slot / Original balance rail & lock wire tab' configuration; drives ECI/Visual/BI/FPI/UT interval"",
      ""required_inspection_types"": [
        ""ECI"",
        ""Visual"",
        ""BI"",
        ""FPI"",
        ""UT""
      ],
      ""source_location"": ""Table 2 (Applicable 7F Stage 2 Turbine Wheel Configurations)""
    },
    {
      ""part_number"": ""103E5796"",
      ""context"": ""7F Stage 2 wheel applicable part number for '2 Step Age / Fired without Shot Peening / Original cooling slot / Original balance rail & lock wire tab' configuration"",
      ""required_inspection_types"": [
        ""ECI"",
        ""Visual"",
        ""BI"",
        ""FPI"",
        ""UT""
      ],
      ""source_location"": ""Table 2""
    },
    {
      ""part_number"": ""101E8629"",
      ""context"": ""7F Stage 2 wheel applicable part number for '2 Step Age / Fired without Shot Peening / Original cooling slot / Original balance rail & lock wire tab' configuration"",
      ""required_inspection_types"": [
        ""ECI"",
        ""Visual"",
        ""BI"",
        ""FPI"",
        ""UT""
      ],
      ""source_location"": ""Table 2""
    },
    {
      ""part_number"": ""108E4197"",
      ""context"": ""7F Stage 2 wheel applicable part number for '2 Step Age / Fired without Shot Peening / Original cooling slot / Original balance rail & lock wire tab' configuration"",
      ""required_inspection_types"": [
        ""ECI"",
        ""Visual"",
        ""BI"",
        ""FPI"",
        ""UT""
      ],
      ""source_location"": ""Table 2""
    },
    {
      ""part_number"": ""103E5775"",
      ""context"": ""7F Stage 2 wheel applicable part number for '2 Step Age / Fired without Shot Peening / Original cooling slot / Original balance rail & lock wire tab' configuration"",
      ""required_inspection_types"": [
        ""ECI"",
        ""Visual"",
        ""BI"",
        ""FPI"",
        ""UT""
      ],
      ""source_location"": ""Table 2""
    },
    {
      ""part_number"": ""109E3897"",
      ""context"": ""7F Stage 2 wheel applicable part number for '2 Step Age / Fired without Shot Peening / Original cooling slot / Original balance rail & lock wire tab' configuration"",
      ""required_inspection_types"": [
        ""ECI"",
        ""Visual"",
        ""BI"",
        ""FPI"",
        ""UT""
      ],
      ""source_location"": ""Table 2""
    },
    {
      ""part_number"": ""193D2055"",
      ""context"": ""7F Stage 2 wheel applicable part number for '2 Step Age / Peening Modification / Original cooling slot / Original balance rail & lock wire tab' configuration (peening condition must be validated; otherwise assume fired-without-shot-peening recommendations)"",
      ""required_inspection_types"": [],
      ""source_location"": ""Table 2""
    },
    {
      ""part_number"": ""193D2064"",
      ""context"": ""7F Stage 2 wheel applicable part number for '2 Step Age / Peening Modification / Original cooling slot / Original balance rail & lock wire tab' configuration (peening condition must be validated; otherwise assume fired-without-shot-peening recommendations)"",
      ""required_inspection_types"": [],
      ""source_location"": ""Table 2""
    },
    {
      ""part_number"": ""193D2400"",
      ""context"": ""7F Stage 2 wheel applicable part number for '2 Step Age / Never Fired without Shot Peening / Original cooling slot / Original balance rail & lock wire tab' configuration; ECI interval depends on whether S2B P/N 118T8421 or 122T9656 installed and includes 'at first Major after TW2 Life Extension'"",
      ""required_inspection_types"": [
        ""ECI""
      ],
      ""source_location"": ""Table 2""
    },
    {
      ""part_number"": ""199D3925"",
      ""context"": ""7F Stage 2 wheel applicable part number for '2 Step Age / Never Fired without Shot Peening / Original cooling slot / Original balance rail & lock wire tab' configuration; ECI interval depends on whether S2B P/N 118T8421 or 122T9656 installed and includes 'at first Major after TW2 Life Extension'"",
      ""required_inspection_types"": [
        ""ECI""
      ],
      ""source_location"": ""Table 2""
    },
    {
      ""part_number"": ""109E5591"",
      ""context"": ""7F Stage 2 wheel applicable part number for '2 Step Age / Never Fired without Shot Peening / Original cooling slot / Original balance rail & lock wire tab' configuration; ECI interval depends on whether S2B P/N 118T8421 or 122T9656 installed and includes 'at first Major after TW2 Life Extension'"",
      ""required_inspection_types"": [
        ""ECI""
      ],
      ""source_location"": ""Table 2""
    },
    {
      ""part_number"": ""109E5614"",
      ""context"": ""7F Stage 2 wheel applicable part number for '2 Step Age / Never Fired without Shot Peening / Original cooling slot / Original balance rail & lock wire tab' configuration; ECI interval depends on whether S2B P/N 118T8421 or 122T9656 installed and includes 'at first Major after TW2 Life Extension'"",
      ""required_inspection_types"": [
        ""ECI""
      ],
      ""source_location"": ""Table 2""
    },
    {
      ""part_number"": ""114E1229"",
      ""context"": ""7F Stage 2 wheel applicable part number listed under FPI recommendations for '2 Step Age / Never Fired without Shot Peening / Original cooling slot / Original balance rail & lock wire tab' configuration"",
      ""required_inspection_types"": [
        ""FPI""
      ],
      ""source_location"": ""Table 2""
    },
    {
      ""part_number"": ""116E2436"",
      ""context"": ""7F Stage 2 wheel applicable part number listed under FPI recommendations for '2 Step Age / Never Fired without Shot Peening / Original cooling slot / Original balance rail & lock wire tab' configuration"",
      ""required_inspection_types"": [
        ""FPI""
      ],
      ""source_location"": ""Table 2""
    },
    {
      ""part_number"": ""116E3968"",
      ""context"": ""7F Stage 2 wheel applicable part number for '2 Step Age / Never Fired without Shot Peening / Contoured cooling slot / Original balance rail & lock wire tab' configuration; ECI at first Major after TW2 Life Extension"",
      ""required_inspection_types"": [
        ""ECI""
      ],
      ""source_location"": ""Table 2""
    },
    {
      ""part_number"": ""119E6503"",
      ""context"": ""7F Stage 2 wheel applicable part number for '2 Step Age / Never Fired without Shot Peening / Contoured cooling slot / Original balance rail & lock wire tab' configuration; ECI at first Major after TW2 Life Extension"",
      ""required_inspection_types"": [
        ""ECI""
      ],
      ""source_location"": ""Table 2""
    },
    {
      ""part_number"": ""323E2240"",
      ""context"": ""7F Stage 2 wheel applicable part number for '2 Step Age / Never Fired without Shot Peening / Enhanced cooling slot / Original balance rail & lock wire tab' configuration; ECI at first Major after TW2 Life Extension"",
      ""required_inspection_types"": [
        ""ECI""
      ],
      ""source_location"": ""Table 2""
    },
    {
      ""part_number"": ""144E7562"",
      ""context"": ""7F Stage 2 wheel applicable part number for '2 Step Age / Never Fired without Shot Peening / Enhanced cooling slot / Stakeless & Modified Tab' configuration; ECI at first Major after TW2 Life Extension"",
      ""required_inspection_types"": [
        ""ECI""
      ],
      ""source_location"": ""Table 2""
    },
    {
      ""part_number"": ""146E3601"",
      ""context"": ""7F Stage 2 wheel applicable part number for '3 Step Age / Never Fired without Shot Peening / Enhanced cooling slot / Stakeless & Modified Tab' configuration; LWT FPI every Major"",
      ""required_inspection_types"": [
        ""FPI""
      ],
      ""source_location"": ""Table 2""
    },
    {
      ""part_number"": ""118T8421"",
      ""context"": ""Stage 2 bucket part number condition: if S2B P/N 118T8421 installed, inspect at 96 khrs or 3,750 starts (inspection window 80–104 khrs) and at first Major after TW2 Life Extension (7F Stage 2 table)"",
      ""required_inspection_types"": [
        ""ECI""
      ],
      ""source_location"": ""Table 2""
    },
    {
      ""part_number"": ""122T9656"",
      ""context"": ""Stage 2 bucket part number condition: if S2B P/N 122T9656 installed, inspect at 96 khrs or 3,750 starts (inspection window 80–104 khrs) and at first Major after TW2 Life Extension (7F Stage 2 table)"",
      ""required_inspection_types"": [
        ""ECI""
      ],
      ""source_location"": ""Table 2""
    },
    {
      ""part_number"": ""101E2274"",
      ""context"": ""9F Stage 1 wheel applicable part number for '2 Step Age / Fired without Shot Peening / Original cooling slot / Original balance rail & lock wire tab' configuration; drives ECI/Visual/BI/FPI/UT interval"",
      ""required_inspection_types"": [
        ""ECI"",
        ""Visual"",
        ""BI"",
        ""FPI"",
        ""UT""
      ],
      ""source_location"": ""Table 3 (Applicable 9F Stage 1 Turbine Wheel Configurations)""
    },
    {
      ""part_number"": ""103E3969"",
      ""context"": ""9F Stage 1 wheel applicable part number for '2 Step Age / Fired without Shot Peening / Original cooling slot / Original balance rail & lock wire tab' configuration"",
      ""required_inspection_types"": [
        ""ECI"",
        ""Visual"",
        ""BI"",
        ""FPI"",
        ""UT""
      ],
      ""source_location"": ""Table 3""
    },
    {
      ""part_number"": ""109E3982"",
      ""context"": ""9F Stage 1 wheel applicable part number for '2 Step Age / Fired without Shot Peening / Original cooling slot / Original balance rail & lock wire tab' configuration"",
      ""required_inspection_types"": [
        ""ECI"",
        ""Visual"",
        ""BI"",
        ""FPI"",
        ""UT""
      ],
      ""source_location"": ""Table 3""
    },
    {
      ""part_number"": ""227C5743"",
      ""context"": ""9F Stage 1 wheel applicable part number for '2 Step Age / Peening Modification / Original cooling slot / Original balance rail & lock wire tab' configuration (peening condition must be validated; otherwise assume fired-without-shot-peening recommendations)"",
      ""required_inspection_types"": [],
      ""source_location"": ""Table 3""
    },
    {
      ""part_number"": ""193D2050"",
      ""context"": ""9F Stage 1 wheel applicable part number for '2 Step Age / Peening Modification / Original cooling slot / Original balance rail & lock wire tab' configuration (peening condition must be validated; otherwise assume fired-without-shot-peening recommendations)"",
      ""required_inspection_types"": [],
      ""source_location"": ""Table 3""
    },
    {
      ""part_number"": ""188D7864"",
      ""context"": ""9F Stage 1 wheel applicable part number for '2 Step Age / Peening Modification / Original cooling slot / Original balance rail & lock wire tab' configuration"",
      ""required_inspection_types"": [],
      ""source_location"": ""Table 3""
    },
    {
      ""part_number"": ""193D2422"",
      ""context"": ""9F Stage 1 wheel applicable part number for '2 Step Age / Peening Modification / Original cooling slot / Original balance rail & lock wire tab' configuration"",
      ""required_inspection_types"": [],
      ""source_location"": ""Table 3""
    },
    {
      ""part_number"": ""193D2023"",
      ""context"": ""9F Stage 1 wheel applicable part number for '2 Step Age / Peening Modification / Original cooling slot / Original balance rail & lock wire tab' configuration"",
      ""required_inspection_types"": [],
      ""source_location"": ""Table 3""
    },
    {
      ""part_number"": ""196D1632"",
      ""context"": ""9F Stage 1 wheel applicable part number for '2 Step Age / Peening Modification / Original cooling slot / Original balance rail & lock wire tab' configuration"",
      ""required_inspection_types"": [],
      ""source_location"": ""Table 3""
    },
    {
      ""part_number"": ""193D2036"",
      ""context"": ""9F Stage 1 wheel applicable part number for '2 Step Age / Peening Modification / Original cooling slot / Original balance rail & lock wire tab' configuration"",
      ""required_inspection_types"": [],
      ""source_location"": ""Table 3""
    },
    {
      ""part_number"": ""198D1211"",
      ""context"": ""9F Stage 1 wheel applicable part number for '2 Step Age / Peening Modification / Original cooling slot / Original balance rail & lock wire tab' configuration"",
      ""required_inspection_types"": [],
      ""source_location"": ""Table 3""
    },
    {
      ""part_number"": ""109E5254"",
      ""context"": ""9F Stage 1 wheel applicable part number for '2 Step Age / Never Fired without Shot Peening / Original cooling slot / Original balance rail & lock wire tab' configuration; ECI/BI intervals apply"",
      ""required_inspection_types"": [
        ""ECI"",
        ""BI""
      ],
      ""source_location"": ""Table 3""
    },
    {
      ""part_number"": ""111E3299"",
      ""context"": ""9F Stage 1 wheel applicable part number for '2 Step Age / Never Fired without Shot Peening / Contoured cooling slot / Original balance rail & lock wire tab' configuration; FPI and ECI intervals apply"",
      ""required_inspection_types"": [
        ""FPI"",
        ""ECI""
      ],
      ""source_location"": ""Table 3""
    },
    {
      ""part_number"": ""146E2874"",
      ""context"": ""9F Stage 1 wheel applicable part number for '2 Step Age / Never Fired without Shot Peening / Enhanced cooling slot / Stakeless & Modified Tab' configuration; ECI/BI/FPI intervals apply"",
      ""required_inspection_types"": [
        ""ECI"",
        ""BI"",
        ""FPI""
      ],
      ""source_location"": ""Table 3""
    },
    {
      ""part_number"": ""113T0325"",
      ""context"": ""9F Stage 1 wheel applicable part number for '2 Step Age / Never Fired without Shot Peening / Enhanced cooling slot / Stakeless & Modified Tab' configuration; ECI/BI/FPI intervals apply"",
      ""required_inspection_types"": [
        ""ECI"",
        ""BI"",
        ""FPI""
      ],
      ""source_location"": ""Table 3""
    },
    {
      ""part_number"": ""101E2276"",
      ""context"": ""9F Stage 2 wheel applicable part number for '2 Step Age / Fired without Shot Peening / Original cooling slot / Original balance rail & lock wire tab' configuration; drives ECI/Visual/BI/FPI/UT interval"",
      ""required_inspection_types"": [
        ""ECI"",
        ""Visual"",
        ""BI"",
        ""FPI"",
        ""UT""
      ],
      ""source_location"": ""Table 4 (Applicable 9F Stage 2 Turbine Wheel Configurations)""
    },
    {
      ""part_number"": ""103E3971"",
      ""context"": ""9F Stage 2 wheel applicable part number for '2 Step Age / Fired without Shot Peening / Original cooling slot / Original balance rail & lock wire tab' configuration"",
      ""required_inspection_types"": [
        ""ECI"",
        ""Visual"",
        ""BI"",
        ""FPI"",
        ""UT""
      ],
      ""source_location"": ""Table 4""
    },
    {
      ""part_number"": ""109E3893"",
      ""context"": ""9F Stage 2 wheel applicable part number for '2 Step Age / Fired without Shot Peening / Original cooling slot / Original balance rail & lock wire tab' configuration"",
      ""required_inspection_types"": [
        ""ECI"",
        ""Visual"",
        ""BI"",
        ""FPI"",
        ""UT""
      ],
      ""source_location"": ""Table 4""
    },
    {
      ""part_number"": ""183D7848"",
      ""context"": ""9F Stage 2 wheel applicable part number for '2 Step Age / Peening Modification / Original cooling slot / Original balance rail & lock wire tab' configuration (peening condition must be validated; otherwise assume fired-without-shot-peening recommendations)"",
      ""required_inspection_types"": [],
      ""source_location"": ""Table 4""
    },
    {
      ""part_number"": ""193D2106"",
      ""context"": ""9F Stage 2 wheel applicable part number for '2 Step Age / Peening Modification / Original cooling slot / Original balance rail & lock wire tab' configuration (peening condition must be validated; otherwise assume fired-without-shot-peening recommendations)"",
      ""required_inspection_types"": [],
      ""source_location"": ""Table 4""
    },
    {
      ""part_number"": ""183D7895"",
      ""context"": ""9F Stage 2 wheel applicable part number for '2 Step Age / Peening Modification / Original cooling slot / Original balance rail & lock wire tab' configuration"",
      ""required_inspection_types"": [],
      ""source_location"": ""Table 4""
    },
    {
      ""part_number"": ""193D2025"",
      ""context"": ""9F Stage 2 wheel applicable part number for '2 Step Age / Peening Modification / Original cooling slot / Original balance rail & lock wire tab' configuration"",
      ""required_inspection_types"": [],
      ""source_location"": ""Table 4""
    },
    {
      ""part_number"": ""193D2037"",
      ""context"": ""9F Stage 2 wheel applicable part number for '2 Step Age / Peening Modification / Original cooling slot / Original balance rail & lock wire tab' configuration"",
      ""required_inspection_types"": [],
      ""source_location"": ""Table 4""
    },
    {
      ""part_number"": ""109E5256"",
      ""context"": ""9F Stage 2 wheel applicable part number for '2 Step Age / Never Fired without Shot Peening / Original cooling slot / Original balance rail & lock wire tab' configuration; ECI interval depends on whether S2B P/N 119T9404 or 122T0124 installed and includes 'at first Major after TW2 Life Extension'"",
      ""required_inspection_types"": [
        ""ECI""
      ],
      ""source_location"": ""Table 4""
    },
    {
      ""part_number"": ""111E3298"",
      ""context"": ""9F Stage 2 wheel applicable part number for '2 Step Age / Never Fired without Shot Peening / Original cooling slot / Original balance rail & lock wire tab' configuration; ECI interval depends on whether S2B P/N 119T9404 or 122T0124 installed and includes 'at first Major after TW2 Life Extension'"",
      ""required_inspection_types"": [
        ""ECI""
      ],
      ""source_location"": ""Table 4""
    },
    {
      ""part_number"": ""119E6597"",
      ""context"": ""9F Stage 2 wheel applicable part number for '2 Step Age / Never Fired without Shot Peening / Contoured cooling slot / Original balance rail & lock wire tab' configuration; ECI at first Major after TW2 Life Extension; FPI per table"",
      ""required_inspection_types"": [
        ""ECI"",
        ""FPI""
      ],
      ""source_location"": ""Table 4""
    },
    {
      ""part_number"": ""133E8776"",
      ""context"": ""9F Stage 2 wheel applicable part number for '2 Step Age / Never Fired without Shot Peening / Enhanced cooling slot / Stakeless & Modified Tab' configuration; ECI at first Major after TW2 Life Extension; FPI LWT every Major"",
      ""required_inspection_types"": [
        ""ECI"",
        ""FPI""
      ],
      ""source_location"": ""Table 4""
    },
    {
      ""part_number"": ""146E1078"",
      ""context"": ""9F Stage 2 wheel applicable part number for '2 Step Age / Never Fired without Shot Peening / Enhanced cooling slot / Stakeless & Modified Tab' configuration; ECI at first Major after TW2 Life Extension; FPI LWT every Major"",
      ""required_inspection_types"": [
        ""ECI"",
        ""FPI""
      ],
      ""source_location"": ""Table 4""
    },
    {
      ""part_number"": ""146E2875"",
      ""context"": ""9F Stage 2 wheel applicable part number for '2 Step Age / Never Fired without Shot Peening / Enhanced cooling slot / Stakeless & Modified Tab' configuration; ECI at first Major after TW2 Life Extension; FPI LWT every Major"",
      ""required_inspection_types"": [
        ""ECI"",
        ""FPI""
      ],
      ""source_location"": ""Table 4""
    },
    {
      ""part_number"": ""113T0328"",
      ""context"": ""9F Stage 2 wheel applicable part number for '2 Step Age / Never Fired without Shot Peening / Enhanced cooling slot / Stakeless & Modified Tab' configuration; ECI at first Major after TW2 Life Extension; FPI LWT every Major"",
      ""required_inspection_types"": [
        ""ECI"",
        ""FPI""
      ],
      ""source_location"": ""Table 4""
    },
    {
      ""part_number"": ""119T9404"",
      ""context"": ""Stage 2 bucket part number condition: if S2B P/N 119T9404 installed, inspect at 96 khrs or 3,750 starts (inspection window 80–104 khrs) and at first Major after TW2 Life Extension (9F Stage 2 table)"",
      ""required_inspection_types"": [
        ""ECI""
      ],
      ""source_location"": ""Table 4""
    },
    {
      ""part_number"": ""122T0124"",
      ""context"": ""Stage 2 bucket part number condition: if S2B P/N 122T0124 installed, inspect at 96 khrs or 3,750 starts (inspection window 80–104 khrs) and at first Major after TW2 Life Extension (9F Stage 2 table)"",
      ""required_inspection_types"": [
        ""ECI""
      ],
      ""source_location"": ""Table 4""
    },
    {
      ""part_number"": ""109E9194"",
      ""context"": ""6F Stage 1 wheel applicable part number for '2 Step Age / Never Fired without Shot Peening / Original cooling slot / Original balance rail & lock wire tab' configuration; ECI/BI/FPI intervals apply"",
      ""required_inspection_types"": [
        ""ECI"",
        ""BI"",
        ""FPI""
      ],
      ""source_location"": ""Table 5 (Applicable 6F Stage 1 Turbine Wheel Configurations)""
    },
    {
      ""part_number"": ""116E3992"",
      ""context"": ""6F Stage 1 wheel applicable part number for '2 Step Age / Never Fired without Shot Peening / Contoured cooling slot / Original balance rail & lock wire tab' configuration; ECI/BI/FPI intervals apply"",
      ""required_inspection_types"": [
        ""ECI"",
        ""BI"",
        ""FPI""
      ],
      ""source_location"": ""Table 5""
    },
    {
      ""part_number"": ""137E1002"",
      ""context"": ""6F Stage 1 wheel applicable part number for '2 Step Age / Never Fired without Shot Peening / Enhanced cooling slot / Original balance rail & lock wire tab' configuration; ECI/BI/FPI intervals apply"",
      ""required_inspection_types"": [
        ""ECI"",
        ""BI"",
        ""FPI""
      ],
      ""source_location"": ""Table 5""
    },
    {
      ""part_number"": ""141E4569"",
      ""context"": ""6F Stage 1 wheel applicable part number for configuration with 'Stakeless & Modified Tab' (table row shows ECI at 96 khrs or 3,600 starts)"",
      ""required_inspection_types"": [
        ""ECI""
      ],
      ""source_location"": ""Table 5""
    },
    {
      ""part_number"": ""121T7210"",
      ""context"": ""6F Stage 1 wheel applicable part number for configuration with 'Stakeless & Modified Tab' (table row shows ECI at 96 khrs or 3,600 starts)"",
      ""required_inspection_types"": [
        ""ECI""
      ],
      ""source_location"": ""Table 5""
    },
    {
      ""part_number"": ""131T7543"",
      ""context"": ""6F Stage 1 wheel applicable part number for '3 Step Age / Never Fired without Shot Peening / Enhanced cooling slot / Stakeless & Modified Tab' configuration; LWT FPI every Major"",
      ""required_inspection_types"": [
        ""FPI""
      ],
      ""source_location"": ""Table 5""
    },
    {
      ""part_number"": ""109E9196"",
      ""context"": ""6F Stage 2 wheel applicable part number for '2 Step Age / Never Fired without Shot Peening / Original cooling slot / Original balance rail & lock wire tab' configuration; ECI interval depends on whether S2B P/N 120T1387 or 123T0809 installed"",
      ""required_inspection_types"": [
        ""ECI"",
        ""FPI""
      ],
      ""source_location"": ""Table 6 (Applicable 6F Stage 2 Turbine Wheel Configurations)""
    },
    {
      ""part_number"": ""116E3994"",
      ""context"": ""6F Stage 2 wheel applicable part number for '2 Step Age / Never Fired without Shot Peening / Contoured cooling slot / Original balance rail & lock wire tab' configuration; ECI at first Major after TW2 Life Extension; FPI per table"",
      ""required_inspection_types"": [
        ""ECI"",
        ""FPI""
      ],
      ""source_location"": ""Table 6""
    },
    {
      ""part_number"": ""137E1062"",
      ""context"": ""6F Stage 2 wheel applicable part number for '2 Step Age / Never Fired without Shot Peening / Enhanced cooling slot / Original balance rail & lock wire tab' configuration; ECI at first Major after TW2 Life Extension; FPI per table"",
      ""required_inspection_types"": [
        ""ECI"",
        ""FPI""
      ],
      ""source_location"": ""Table 6""
    },
    {
      ""part_number"": ""141E4586"",
      ""context"": ""6F Stage 2 wheel applicable part number for configuration with 'Stakeless & Modified Tab' (table shows ECI at first Major after TW2 Life Extension)"",
      ""required_inspection_types"": [
        ""ECI""
      ],
      ""source_location"": ""Table 6""
    },
    {
      ""part_number"": ""126T7211"",
      ""context"": ""6F Stage 2 wheel applicable part number for configuration with 'Stakeless & Modified Tab' (table shows ECI at first Major after TW2 Life Extension)"",
      ""required_inspection_types"": [
        ""ECI""
      ],
      ""source_location"": ""Table 6""
    },
    {
      ""part_number"": ""131T7549"",
      ""context"": ""6F Stage 2 wheel applicable part number for '3 Step Age / Never Fired without Shot Peening / Enhanced cooling slot / Stakeless & Modified Tab' configuration; LWT FPI every Major"",
      ""required_inspection_types"": [
        ""FPI""
      ],
      ""source_location"": ""Table 6""
    },
    {
      ""part_number"": ""120T1387"",
      ""context"": ""Stage 2 bucket part number condition: if S2B P/N 120T1387 installed, inspect at 96 khrs or 3,750 starts (inspection window 80–104 khrs) (6F Stage 2 table)"",
      ""required_inspection_types"": [
        ""ECI""
      ],
      ""source_location"": ""Table 6""
    },
    {
      ""part_number"": ""123T0809"",
      ""context"": ""Stage 2 bucket part number condition: if S2B P/N 123T0809 installed, inspect at 96 khrs or 3,750 starts (inspection window 80–104 khrs) (6F Stage 2 table)"",
      ""required_inspection_types"": [
        ""ECI""
      ],
      ""source_location"": ""Table 6""
    }
  ],
  ""reference_documents"": [
    {
      ""document_number"": ""TIL 1280"",
      ""document_type"": ""TIL"",
      ""context"": ""Superseded by this TIL""
    },
    {
      ""document_number"": ""TIL 1327"",
      ""document_type"": ""TIL"",
      ""context"": ""Superseded by this TIL""
    },
    {
      ""document_number"": ""TIL 1434"",
      ""document_type"": ""TIL"",
      ""context"": ""Superseded by this TIL""
    },
    {
      ""document_number"": ""TIL 1539"",
      ""document_type"": ""TIL"",
      ""context"": ""Superseded by this TIL""
    },
    {
      ""document_number"": ""TIL 1540"",
      ""document_type"": ""TIL"",
      ""context"": ""Superseded by this TIL""
    },
    {
      ""document_number"": ""TIL 1742"",
      ""document_type"": ""TIL"",
      ""context"": ""Superseded by this TIL""
    },
    {
      ""document_number"": ""TIL 1937"",
      ""document_type"": ""TIL"",
      ""context"": ""Addresses rotors operating in high ambient and/or corrosive conditions""
    }
  ],
  ""configuration_dependent"": true,
  ""configuration_variables"": [
    ""frame_type"",
    ""wheel_stage"",
    ""material_heat_treatment"",
    ""shot_peening_condition_at_first_fire"",
    ""cooling_slot_geometry"",
    ""balance_rail_and_lock_wire_tab_configuration"",
    ""back_cut_buckets_installed"",
    ""cdc_removed_during_hgpi"",
    ""stage_2_bucket_part_number_installed"",
    ""tw3_bwg_staked_vs_stakeless"",
    ""tw3_lwt_original_vs_modified"",
    ""tas_bwg_staked_vs_stakeless""
  ],
  ""configuration_summary"": ""Inspection methods and intervals vary by frame (6F/7F/9F), wheel stage (1/2), heat treatment (2 Step Age vs 3 Step Age), peening condition (fired without shot peening vs never fired without shot peening vs peening modification), cooling slot geometry (original/contoured/enhanced), and balance rail/lock wire tab design; some intervals further depend on whether back cut buckets are installed, whether CDC is removed during HGPI, and whether specific Stage 2 bucket part numbers are installed. TW3/TAS inspections depend on staked vs stakeless BWG and original vs modified LWT."",
  ""severity_signals"": [
    ""Failure to comply with the TIL could result in equipment damage or facility damage."",
    ""an undetected crack may continue to propagate ... releasing a wheel section and/or adjacent turbine blades into the turbine hot gas path section potentially resulting in significant damage."",
    ""immediate wheel replacement will be recommended to avoid the risk of wheel post liberation during operation."",
    ""Cracks in the forward wheel web, if left unaddressed, could result in a partial wheel material liberation""
  ],
  ""failure_consequences"": [
    ""releasing a wheel section and/or adjacent turbine blades into the turbine hot gas path section potentially resulting in significant damage."",
    ""wheel post liberation during operation."",
    ""partial wheel material liberation""
  ],
  ""risk_summary"": ""Undetected wheel cracking can propagate to critical length and lead to wheel section/blade release, wheel post liberation, and significant turbine hot gas path damage; compliance is categorized as Alert (A)."",
  ""safety_or_damage_language_found"": true,
  ""tables_found_summary"": [
    {
      ""table_label"": ""Compliance Category legend"",
      ""table_description"": ""Defines M/C/A/S compliance categories"",
      ""useful_for_downstream"": false,
      ""reason"": ""Administrative legend; does not provide equipment-specific actions or intervals.""
    },
    {
      ""table_label"": ""Timing Code legend"",
      ""table_description"": ""Defines timing codes 1–6 (e.g., 'Next Scheduled Outage')"",
      ""useful_for_downstream"": false,
      ""reason"": ""Administrative legend; does not provide equipment-specific actions or intervals.""
    },
    {
      ""table_label"": ""Table 1"",
      ""table_description"": ""Applicable 7F Stage 1 Turbine Wheel Configurations with inspection types, intervals, and applicable part numbers by configuration"",
      ""useful_for_downstream"": true,
      ""reason"": ""Contains configuration-dependent inspection methods/intervals and wheel part numbers needed for outage scoping.""
    },
    {
      ""table_label"": ""Table 2"",
      ""table_description"": ""Applicable 7F Stage 2 Turbine Wheel Configurations with inspection types, intervals, and applicable part numbers by configuration (includes Stage 2 bucket P/N conditional interval)"",
      ""useful_for_downstream"": true,
      ""reason"": ""Contains configuration-dependent inspection methods/intervals and part-number conditions that change inspection timing.""
    },
    {
      ""table_label"": ""Table 3"",
      ""table_description"": ""Applicable 9F Stage 1 Turbine Wheel Configurations with inspection types, intervals, and applicable part numbers by configuration"",
      ""useful_for_downstream"": true,
      ""reason"": ""Contains configuration-dependent inspection methods/intervals and wheel part numbers needed for outage scoping.""
    },
    {
      ""table_label"": ""Table 4"",
      ""table_description"": ""Applicable 9F Stage 2 Turbine Wheel Configurations with inspection types, intervals, and applicable part numbers by configuration (includes Stage 2 bucket P/N conditional interval)"",
      ""useful_for_downstream"": true,
      ""reason"": ""Contains configuration-dependent inspection methods/intervals and part-number conditions that change inspection timing.""
    },
    {
      ""table_label"": ""Table 5"",
      ""table_description"": ""Applicable 6F Stage 1 Turbine Wheel Configurations with inspection types, intervals, and applicable part numbers by configuration"",
      ""useful_for_downstream"": true,
      ""reason"": ""Contains configuration-dependent inspection methods/intervals and wheel part numbers needed for outage scoping.""
    },
    {
      ""table_label"": ""Table 6"",
      ""table_description"": ""Applicable 6F Stage 2 Turbine Wheel Configurations with inspection types, intervals, and applicable part numbers by configuration (includes Stage 2 bucket P/N conditional interval)"",
      ""useful_for_downstream"": true,
      ""reason"": ""Contains configuration-dependent inspection methods/intervals and part-number conditions that change inspection timing.""
    }
  ],
  ""missing_information_flags"": [
    ""Compliance category full description text (A - Alert...) is not explicitly stated in the document body text provided (only 'Compliance Category - A')."",
    ""Recurring indicator is not stated."",
    ""Coarse outage type is not explicitly stated; recommendations reference HGPI/MI and blade removal but no single outage type is declared as the only applicable outage.""
  ],
  ""source_snippets"": [
    {
      ""field"": ""purpose"",
      ""snippet"": ""Advise users to perform routine inspections at a maintenance interval based on installed configuration. This TIL supersedes TILs 1280, 1327, 1434, 1539, 1540, and 1742.""
    },
    {
      ""field"": ""failure_consequences"",
      ""snippet"": ""the crack propagates to a critical length, releasing a wheel section and/or adjacent turbine blades into the turbine hot gas path section potentially resulting in significant damage.""
    },
    {
      ""field"": ""failure_consequences"",
      ""snippet"": ""If a cooling slot crack is detected during the inspection, immediate wheel replacement will be recommended to avoid the risk of wheel post liberation during operation.""
    },
    {
      ""field"": ""failure_consequences"",
      ""snippet"": ""Cracks in the forward wheel web, if left unaddressed, could result in a partial wheel material liberation, particularly when located on the stage 1 wheel.""
    },
    {
      ""field"": ""service_recommendation_line_items"",
      ""snippet"": ""Dovetail ECI is recommended for all wheel posts until rotor retirement at the frequency defined in Tables 1-6.""
    },
    {
      ""field"": ""service_recommendation_line_items"",
      ""snippet"": ""In addition to these inspections, it is recommended that back cut turbine blades always be installed on all turbine rotors.""
    },
    {
      ""field"": ""service_recommendation_line_items"",
      ""snippet"": ""It is recommended to apply dovetail modified Stage 1 and 2 turbine blades at the next scheduled maintenance (hot gas path inspection or major inspection).""
    },
    {
      ""field"": ""scope_of_work"",
      ""snippet"": ""Turbine blades should be removed prior to beginning these inspections per hot gas path outage scope.""
    },
    {
      ""field"": ""completion_criteria_text"",
      ""snippet"": ""This TIL is considered complete when the turbine wheels reach end of life and are removed from service.""
    },
    {
      ""field"": ""service_recommendation_line_items"",
      ""snippet"": ""For the stage 3 turbine wheel (TW3) and turbine aft shaft (TAS), the following inspections apply regardless of frame size or part numbers:""
    },
    {
      ""field"": ""service_recommendation_line_items"",
      ""snippet"": ""TW3 balance weight grooves 1. If staked: FPI every Major Inspection (MI) and when the Exhaust Frame is removed during Hot Gas Path Inspection (HGPI) 2. If stakeless: no inspections necessary""
    },
    {
      ""field"": ""service_recommendation_line_items"",
      ""snippet"": ""TW3 lockwire tabs 1. If original: FPI every HGPI while buckets are removed 2. If modified: FPI every MI""
    },
    {
      ""field"": ""service_recommendation_line_items"",
      ""snippet"": ""TAS balance weight grooves 1. If staked: FPI every MI and when the Exhaust Frame is removed during HGPI 2. If stakeless: no inspections necessary""
    }
  ],
  ""extraction_confidence"": 0.86
}
```",d5e758010244c6b63f25b7362ae5fc54,databricks_ai,35185,8,0.86,azure-gpt-5-2,completed,0,null,0,null,null,2026-07-11T00:03:10.943Z,2026-07-11T00:03:10.944Z,null,til_p1_20260710_235420_066bf718
til 2045-r2 - 7f.04 s3b creep distress,2045-R2__f31422ff49ec4bd64b185f94ea2e0ec019922802f65340879ce55d8f6b1d28d8,/Volumes/viud/ing_ud_fsr_manual/manual_field_service_report/TILS_new/TIL 2045-R2 - 7F.04 S3B CREEP DISTRESS.pdf,f31422ff49ec4bd64b185f94ea2e0ec019922802f65340879ce55d8f6b1d28d8,3549a49f9f2975e017f149a4407cc8c1,databricks_volume,2045-R2,2045-R2,pdf_name_match,databricks_ai,databricks_ai,v1,true,"{""til_number"": ""TIL 2045-R2"", ""revision"": ""R2"", ""title"": ""7F.04 S3B CREEP DISTRESS"", ""publish_date"": ""2024-02-28"", ""reason_for_revision"": ""Add Tech Advanced Gas Path (AGP) configuration, clarify overall recommendations, and update the TIL Affected Units List."", ""purpose"": ""Inform affected users of Stage 3 Bucket (S3B) and Stage 3 Shroud (S3S) modifications required to improve resistance to creep distress and enable more reliable gas turbine operation; non-compliance may lead to forced outage and/or increased part fallout during refurbishment."", ""compliance_category_code"": ""A"", ""compliance_category_text"": ""A - Alert: Failure to comply with the TIL could result in equipment damage or facility damage. Compliance is mandated within a specific operating time."", ""recurring_indicator_if_found"": null, ""til_information_flag"": false, ""coarse_outage_type"": null, ""scope_of_work"": [""Send affected spare sets of S3Ss to a GE Vernova Service Center to receive the cooling air modification prior to installation/operation."", ""Send affected S3Ss currently operating in a unit to a GE Vernova Service Center to receive the cooling air modification after completion of current tour."", ""After installation of modified S3Ss, implement required configuration changes: resize ninth-stage extraction air orifice plate; update unit control constant; install updated inter-segment seals (laminate seals) on Stage 1 Shroud, Stage 2 Nozzle, Stage 2 Shroud, Stage 3 Nozzle, Stage 3 Shroud."", ""Send affected S3Bs (that operated with affected/uncooled S3Ss) to a GE Vernova Service Center for evaluation and to receive the new repair process (marked with machining part number 129T6911)."", ""For limited units with S3Bs refurbished before the new repair process: perform FPI every 4000 fired hours covering both pressure and suction sides of the tip shroud fillets until removed from service."", ""Provide GE qualified NDT technician with tooling to perform FPI inspection (3 x 8 hour shift).""], ""service_recommendation_line_items"": [""S3S cooling modification: send all affected spare sets of S3Ss (Table 1 affected part numbers) to a GE Vernova Service Center for cooling air modification prior to installation and operation."", ""S3S cooling modification: send all affected S3Ss currently operating in a unit (Table 1 affected part numbers) to a GE Vernova Service Center for cooling air modification after completion of current tour."", ""Post-S3S modification configuration changes (required to meet TIL): resize ninth-stage extraction air orifice plate; update unit control constant; install updated inter-segment seals (laminate seals) on Stage 1 Shroud, Stage 2 Nozzle, Stage 2 Shroud, Stage 3 Nozzle, and Stage 3 Shroud (laminate seals not required for Stage 1 Nozzles)."", ""S3B evaluation/repair: for S3Bs that have operated with affected (uncooled) S3Ss per Table 1, send S3Bs to a GE Vernova Service Center for evaluation and to receive the new repair process; repaired parts will be marked with machining part number 129T6911."", ""Parts tour restriction (Standard AGP): 7F.04 Standard AGP parts repaired with the new process must only be operated with modified (cooled) S3Ss in the subsequent tour."", ""Parts tour restriction (Tech): for 7F.04 Tech parts, eligibility for subsequent tour operation is assessed during repair; if eligible, they must be operated with modified (cooled) S3Ss."", ""One-tour-after-repair limit: parts tagged 129T6911P0001 through P048 and 129T6911P0101 through P0108 are limited to only one tour after repair; after completion of one tour post-repair, these parts must be scrapped."", ""Legacy refurbished S3Bs (before new repair process): perform Fluorescent Penetrant Inspection (FPI) every 4000 fired hours until removed from service; FPI to cover both pressure and suction sides of the tip shroud fillets.""], ""completion_criteria_text"": ""This TIL will be considered complete when all affected S3Bs and S3Ss have received their respective modifications or have been retired from service."", ""maintenance_trigger_text"": null, ""recommended_interval_or_trigger"": [""S3S cooling air modification: prior to installation/operation for affected spare sets; after completion of current tour for affected S3Ss currently operating in a unit."", ""Legacy refurbished S3Bs (refurbished before new repair process): FPI every 4000 fired hours until removed from service."", ""One-tour-after-repair limit: scrap after completion of one tour post-repair for parts tagged 129T6911P0001 through P048 and 129T6911P0101 through P0108.""], ""usage_counters_to_check_or_consider"": [""operating_hours""], ""usage_counter_requirements_text"": ""Legacy refurbished S3Bs should be FPI inspected every 4000 fired hours until removed from service."", ""frame_or_model_applicability_text"": ""7F gas turbines with the Standard, Tech, or Tech-Lite Advanced Gas Path (AGP) configurations installed or in inventory."", ""combustion_or_fuel_configuration_text"": null, ""hardware_or_part_configuration_text"": ""Applies to affected (uncooled) S3S part numbers in Table 1 and S3Bs that have operated with affected (uncooled) S3Ss per Table 1; recommendations apply regardless of which AGP configuration (e.g., Standard, Tech, Tech-Lite, etc.) is installed. After installation of modified (cooled) S3Ss, resizing of ninth-stage extraction air orifice plate, unit control constant update, and installation of updated inter-segment seals (laminate seals) on specified static components are required."", ""serial_or_unit_applicability_text"": ""A limited number of units are operating with S3Bs that were previously refurbished before the new repair process was implemented (no serial list provided in extracted text)."", ""exclusions_or_non_applicable_conditions_text"": ""Laminate seals are not required for Stage 1 Nozzles."", ""required_prior_modifications_text"": null, ""prerequisite_outage_or_inspection_context_text"": ""S3Ss currently operating in a unit should receive the cooling air modification after completion of current tour; spare sets prior to installation/operation. A CM&U process is mandatory to implement the configuration changes."", ""sbom_dependency_flag"": true, ""sbom_trigger_reason"": ""Multiple specific part numbers/kits/machining numbers and tagged part-number ranges are referenced (e.g., S3S affected/modified part numbers; kits and machining numbers; 129T6911 and 129T6911Pxxxx ranges), requiring installed-configuration/part validation."", ""mli_numbers"": [], ""parts_referenced"": [{""part_number"": ""146E1320"", ""context"": ""Affected (uncooled) S3S part number requiring cooling air modification (Table 1)."", ""required_inspection_types"": [], ""source_location"": ""Page 2, Table 1""}, {""part_number"": ""125T7989"", ""context"": ""Modified (cooled) S3S part number corresponding to affected S3S 146E1320 (Table 1)."", ""required_inspection_types"": [], ""source_location"": ""Page 2, Table 1""}, {""part_number"": ""115T4111"", ""context"": ""Affected (uncooled) S3S part number requiring cooling air modification (Table 1)."", ""required_inspection_types"": [], ""source_location"": ""Page 2, Table 1""}, {""part_number"": ""125T6855"", ""context"": ""Modified (cooled) S3S part number corresponding to affected S3S 115T4111 (Table 1)."", ""required_inspection_types"": [], ""source_location"": ""Page 2, Table 1""}, {""part_number"": ""129T6911"", ""context"": ""Machining part number marking applied to S3Bs upon receiving the new repair process."", ""required_inspection_types"": [], ""source_location"": ""Stage 3 Bucket Recommendations body text""}, {""part_number"": ""129T6911P0001"", ""context"": ""Tagged part number range start; parts tagged 129T6911P0001 through P048 limited to only one tour after repair then must be scrapped."", ""required_inspection_types"": [], ""source_location"": ""Parts Tour After Repair body text""}, {""part_number"": ""129T6911P048"", ""context"": ""Tagged part number range end; parts tagged 129T6911P0001 through P048 limited to only one tour after repair then must be scrapped."", ""required_inspection_types"": [], ""source_location"": ""Parts Tour After Repair body text""}, {""part_number"": ""129T6911P0101"", ""context"": ""Tagged part number range start; parts tagged 129T6911P0101 through P0108 limited to only one tour after repair then must be scrapped."", ""required_inspection_types"": [], ""source_location"": ""Parts Tour After Repair body text""}, {""part_number"": ""129T6911P0108"", ""context"": ""Tagged part number range end; parts tagged 129T6911P0101 through P0108 limited to only one tour after repair then must be scrapped."", ""required_inspection_types"": [], ""source_location"": ""Parts Tour After Repair body text""}, {""part_number"": ""100T8378"", ""context"": ""Kit part number listed for 7F.04 Standard AGP (table shows 'Kit')."", ""required_inspection_types"": [], ""source_location"": ""Page 3, Body text""}, {""part_number"": ""115T2726"", ""context"": ""Kit part number listed for 7F.04 Tech (table shows 'Kit')."", ""required_inspection_types"": [], ""source_location"": ""Page 3, Body text""}, {""part_number"": ""133E8966"", ""context"": ""Machining part number listed for 7F.04 Standard AGP (table shows 'Machining')."", ""required_inspection_types"": [], ""source_location"": ""Page 3, Body text""}, {""part_number"": ""144E7889"", ""context"": ""Machining part number listed for 7F.04 Standard AGP (table shows 'Machining')."", ""required_inspection_types"": [], ""source_location"": ""Page 3, Body text""}, {""part_number"": ""123T2854"", ""context"": ""Machining part number listed for 7F.04 Standard AGP (table shows 'Machining')."", ""required_inspection_types"": [], ""source_location"": ""Page 3, Body text""}, {""part_number"": ""124T3686"", ""context"": ""Machining part number listed for 7F.04 Standard AGP (table shows 'Machining')."", ""required_inspection_types"": [], ""source_location"": ""Page 3, Body text""}, {""part_number"": ""115T2721"", ""context"": ""Machining part number listed for 7F.04 Tech (table shows 'Machining')."", ""required_inspection_types"": [], ""source_location"": ""Page 3, Body text""}, {""part_number"": ""123T2881"", ""context"": ""Machining part number listed for 7F.04 Tech (table shows 'Machining')."", ""required_inspection_types"": [], ""source_location"": ""Page 3, Body text""}, {""part_number"": null, ""context"": ""Updated inter-segment seals (laminate seals) to be installed on Stage 1 Shroud, Stage 2 Nozzle, Stage 2 Shroud, Stage 3 Nozzle, Stage 3 Shroud (no part numbers provided)."", ""required_inspection_types"": [], ""source_location"": ""Stage 3 Shroud Recommendations body text""}, {""part_number"": null, ""context"": ""Ninth-stage extraction air orifice plate resizing required after installation of modified S3Ss (no part number provided)."", ""required_inspection_types"": [], ""source_location"": ""Stage 3 Shroud Recommendations body text""}], ""reference_documents"": [], ""configuration_dependent"": true, ""configuration_variables"": [""agp_configuration (Standard vs Tech vs Tech-Lite)"", ""s3s_configuration (affected/uncooled vs modified/cooled)"", ""s3b_repair_process_status (new repair process vs previously refurbished before new process)"", ""tagged_part_number_range (129T6911P0001-P048; 129T6911P0101-P0108)""], ""configuration_summary"": ""Actions differ based on whether S3Ss are affected (uncooled) vs modified (cooled), whether S3Bs have operated with affected S3Ss, whether S3Bs are repaired with the new process vs legacy refurbished, and whether parts are Standard AGP vs Tech (Tech eligibility assessed during repair). Certain tagged repaired parts are limited to one tour post-repair then scrap."", ""severity_signals"": [""Failure to comply with these recommendations may result in a forced outage and/or increased part fallout during refurbishment."", ""Failure to comply with the TIL could result in equipment damage or facility damage."", ""could eventually lead to tip shroud liberation"", ""Partial completion of the TIL may result in unexpected unit performance or undesirable conditions.""], ""failure_consequences"": [""forced outage"", ""increased part fallout during refurbishment"", ""tip shroud liberation"", ""unexpected unit performance or undesirable conditions""], ""risk_summary"": ""Creep distress in S3B tip shroud fillet regions may propagate to cracking and potential tip shroud liberation, and failure to implement required S3B/S3S modifications and associated configuration changes may result in forced outage, equipment/facility damage, and undesirable operating conditions."", ""safety_or_damage_language_found"": true, ""tables_found_summary"": [{""table_label"": ""Compliance Category definitions table"", ""table_description"": ""Defines M/C/A/S compliance categories and their meanings."", ""useful_for_downstream"": false, ""reason"": ""Administrative legend; does not provide equipment-specific actions, intervals, or part applicability.""}, {""table_label"": ""Timing Code legend table"", ""table_description"": ""Defines timing codes 1\u20136 (e.g., 'At First Exposure of Component')."", ""useful_for_downstream"": false, ""reason"": ""Administrative legend; timing code value is already captured elsewhere and table does not provide unit-specific requirements.""}, {""table_label"": ""Table 1: Summary of Affected and Modified S3S Part Numbers"", ""table_description"": ""Maps affected (uncooled) S3S part numbers to modified (cooled) S3S part numbers."", ""useful_for_downstream"": true, ""reason"": ""Contains specific part-number applicability needed to identify affected hardware and required modification.""}, {""table_label"": ""Kit/Machining part numbers by configuration (7F.04 Standard AGP vs 7F.04 Tech)"", ""table_description"": ""Lists kit part numbers and machining part numbers for 7F.04 Standard AGP and 7F.04 Tech."", ""useful_for_downstream"": true, ""reason"": ""Contains specific kit/machining identifiers that may be needed for parts planning and configuration validation.""}], ""missing_information_flags"": [""Table 2 (Summary of Affected S3B Part Numbers) is referenced in text but its contents/part numbers are not present in the provided extracted tables/text."", ""Timing code is stated as 'Timing Code - 4' but the document does not explicitly restate the required compliance timing in the recommendations using the timing code language (e.g., 'At First Exposure of Component') for each action."", ""No specific part numbers are provided for laminate seals, ninth-stage extraction air orifice plate, or the unit control constant update.""], ""source_snippets"": [{""field"": ""purpose"", ""snippet"": ""Inform affected users of Stage 3 Bucket (S3B) and Stage 3 Shroud (S3S) modifications required for more reliable gas turbine operation. Failure to comply with these recommendations may result in a forced outage and/or increased part fallout during refurbishment.""}, {""field"": ""frame_or_model_applicability_text"", ""snippet"": ""7F gas turbines with the Standard, Tech, or Tech-Lite Advanced Gas Path (AGP) configurations installed or in inventory.""}, {""field"": ""service_recommendation_line_items"", ""snippet"": ""All affected spare sets of S3Ss should be sent to a GE Vernova Service Center to receive the cooling air modification prior to installation and operation in a unit.""}, {""field"": ""service_recommendation_line_items"", ""snippet"": ""All affected S3Ss currently operating in a unit should be sent to a GE Vernova Service Center to receive the cooling air modification after completion of current tour.""}, {""field"": ""service_recommendation_line_items"", ""snippet"": ""As recommended in the previous R0 release of this TIL, these S3Bs should be Fluorescent Penetrant inspected (FPI) every 4000 fired hours until removed from service. The FPI should cover both the pressure and suction sides of the tip shroud fillets.""}, {""field"": ""completion_criteria_text"", ""snippet"": ""This TIL will be considered complete when all affected S3Bs and S3Ss have received their respective modifications or have been retired from service.""}, {""field"": ""failure_consequences"", ""snippet"": ""Failure to comply with these recommendations may result in a forced outage and/or increased part fallout during refurbishment.""}, {""field"": ""severity_signals"", ""snippet"": ""The internal creep voids that were observed may propagate to the surface and initiate cracks that could eventually lead to tip shroud liberation.""}], ""extraction_confidence"": 0.83}","```json
{
  ""til_number"": ""TIL 2045-R2"",
  ""revision"": ""R2"",
  ""title"": ""7F.04 S3B CREEP DISTRESS"",
  ""publish_date"": ""2024-02-28"",
  ""reason_for_revision"": ""Add Tech Advanced Gas Path (AGP) configuration, clarify overall recommendations, and update the TIL Affected Units List."",
  ""purpose"": ""Inform affected users of Stage 3 Bucket (S3B) and Stage 3 Shroud (S3S) modifications required to improve resistance to creep distress and enable more reliable gas turbine operation; non-compliance may lead to forced outage and/or increased part fallout during refurbishment."",
  ""compliance_category_code"": ""A"",
  ""compliance_category_text"": ""A - Alert: Failure to comply with the TIL could result in equipment damage or facility damage. Compliance is mandated within a specific operating time."",
  ""recurring_indicator_if_found"": null,
  ""til_information_flag"": false,
  ""coarse_outage_type"": null,
  ""scope_of_work"": [
    ""Send affected spare sets of S3Ss to a GE Vernova Service Center to receive the cooling air modification prior to installation/operation."",
    ""Send affected S3Ss currently operating in a unit to a GE Vernova Service Center to receive the cooling air modification after completion of current tour."",
    ""After installation of modified S3Ss, implement required configuration changes: resize ninth-stage extraction air orifice plate; update unit control constant; install updated inter-segment seals (laminate seals) on Stage 1 Shroud, Stage 2 Nozzle, Stage 2 Shroud, Stage 3 Nozzle, Stage 3 Shroud."",
    ""Send affected S3Bs (that operated with affected/uncooled S3Ss) to a GE Vernova Service Center for evaluation and to receive the new repair process (marked with machining part number 129T6911)."",
    ""For limited units with S3Bs refurbished before the new repair process: perform FPI every 4000 fired hours covering both pressure and suction sides of the tip shroud fillets until removed from service."",
    ""Provide GE qualified NDT technician with tooling to perform FPI inspection (3 x 8 hour shift).""
  ],
  ""service_recommendation_line_items"": [
    ""S3S cooling modification: send all affected spare sets of S3Ss (Table 1 affected part numbers) to a GE Vernova Service Center for cooling air modification prior to installation and operation."",
    ""S3S cooling modification: send all affected S3Ss currently operating in a unit (Table 1 affected part numbers) to a GE Vernova Service Center for cooling air modification after completion of current tour."",
    ""Post-S3S modification configuration changes (required to meet TIL): resize ninth-stage extraction air orifice plate; update unit control constant; install updated inter-segment seals (laminate seals) on Stage 1 Shroud, Stage 2 Nozzle, Stage 2 Shroud, Stage 3 Nozzle, and Stage 3 Shroud (laminate seals not required for Stage 1 Nozzles)."",
    ""S3B evaluation/repair: for S3Bs that have operated with affected (uncooled) S3Ss per Table 1, send S3Bs to a GE Vernova Service Center for evaluation and to receive the new repair process; repaired parts will be marked with machining part number 129T6911."",
    ""Parts tour restriction (Standard AGP): 7F.04 Standard AGP parts repaired with the new process must only be operated with modified (cooled) S3Ss in the subsequent tour."",
    ""Parts tour restriction (Tech): for 7F.04 Tech parts, eligibility for subsequent tour operation is assessed during repair; if eligible, they must be operated with modified (cooled) S3Ss."",
    ""One-tour-after-repair limit: parts tagged 129T6911P0001 through P048 and 129T6911P0101 through P0108 are limited to only one tour after repair; after completion of one tour post-repair, these parts must be scrapped."",
    ""Legacy refurbished S3Bs (before new repair process): perform Fluorescent Penetrant Inspection (FPI) every 4000 fired hours until removed from service; FPI to cover both pressure and suction sides of the tip shroud fillets.""
  ],
  ""completion_criteria_text"": ""This TIL will be considered complete when all affected S3Bs and S3Ss have received their respective modifications or have been retired from service."",
  ""maintenance_trigger_text"": null,
  ""recommended_interval_or_trigger"": [
    ""S3S cooling air modification: prior to installation/operation for affected spare sets; after completion of current tour for affected S3Ss currently operating in a unit."",
    ""Legacy refurbished S3Bs (refurbished before new repair process): FPI every 4000 fired hours until removed from service."",
    ""One-tour-after-repair limit: scrap after completion of one tour post-repair for parts tagged 129T6911P0001 through P048 and 129T6911P0101 through P0108.""
  ],
  ""usage_counters_to_check_or_consider"": [
    ""operating_hours""
  ],
  ""usage_counter_requirements_text"": ""Legacy refurbished S3Bs should be FPI inspected every 4000 fired hours until removed from service."",
  ""frame_or_model_applicability_text"": ""7F gas turbines with the Standard, Tech, or Tech-Lite Advanced Gas Path (AGP) configurations installed or in inventory."",
  ""combustion_or_fuel_configuration_text"": null,
  ""hardware_or_part_configuration_text"": ""Applies to affected (uncooled) S3S part numbers in Table 1 and S3Bs that have operated with affected (uncooled) S3Ss per Table 1; recommendations apply regardless of which AGP configuration (e.g., Standard, Tech, Tech-Lite, etc.) is installed. After installation of modified (cooled) S3Ss, resizing of ninth-stage extraction air orifice plate, unit control constant update, and installation of updated inter-segment seals (laminate seals) on specified static components are required."",
  ""serial_or_unit_applicability_text"": ""A limited number of units are operating with S3Bs that were previously refurbished before the new repair process was implemented (no serial list provided in extracted text)."",
  ""exclusions_or_non_applicable_conditions_text"": ""Laminate seals are not required for Stage 1 Nozzles."",
  ""required_prior_modifications_text"": null,
  ""prerequisite_outage_or_inspection_context_text"": ""S3Ss currently operating in a unit should receive the cooling air modification after completion of current tour; spare sets prior to installation/operation. A CM&U process is mandatory to implement the configuration changes."",
  ""sbom_dependency_flag"": true,
  ""sbom_trigger_reason"": ""Multiple specific part numbers/kits/machining numbers and tagged part-number ranges are referenced (e.g., S3S affected/modified part numbers; kits and machining numbers; 129T6911 and 129T6911Pxxxx ranges), requiring installed-configuration/part validation."",
  ""mli_numbers"": [],
  ""parts_referenced"": [
    {
      ""part_number"": ""146E1320"",
      ""context"": ""Affected (uncooled) S3S part number requiring cooling air modification (Table 1)."",
      ""required_inspection_types"": [],
      ""source_location"": ""Table 1 (Page 2)""
    },
    {
      ""part_number"": ""125T7989"",
      ""context"": ""Modified (cooled) S3S part number corresponding to affected S3S 146E1320 (Table 1)."",
      ""required_inspection_types"": [],
      ""source_location"": ""Table 1 (Page 2)""
    },
    {
      ""part_number"": ""115T4111"",
      ""context"": ""Affected (uncooled) S3S part number requiring cooling air modification (Table 1)."",
      ""required_inspection_types"": [],
      ""source_location"": ""Table 1 (Page 2)""
    },
    {
      ""part_number"": ""125T6855"",
      ""context"": ""Modified (cooled) S3S part number corresponding to affected S3S 115T4111 (Table 1)."",
      ""required_inspection_types"": [],
      ""source_location"": ""Table 1 (Page 2)""
    },
    {
      ""part_number"": ""129T6911"",
      ""context"": ""Machining part number marking applied to S3Bs upon receiving the new repair process."",
      ""required_inspection_types"": [],
      ""source_location"": ""Stage 3 Bucket Recommendations body text""
    },
    {
      ""part_number"": ""129T6911P0001"",
      ""context"": ""Tagged part number range start; parts tagged 129T6911P0001 through P048 limited to only one tour after repair then must be scrapped."",
      ""required_inspection_types"": [],
      ""source_location"": ""Parts Tour After Repair body text""
    },
    {
      ""part_number"": ""129T6911P048"",
      ""context"": ""Tagged part number range end; parts tagged 129T6911P0001 through P048 limited to only one tour after repair then must be scrapped."",
      ""required_inspection_types"": [],
      ""source_location"": ""Parts Tour After Repair body text""
    },
    {
      ""part_number"": ""129T6911P0101"",
      ""context"": ""Tagged part number range start; parts tagged 129T6911P0101 through P0108 limited to only one tour after repair then must be scrapped."",
      ""required_inspection_types"": [],
      ""source_location"": ""Parts Tour After Repair body text""
    },
    {
      ""part_number"": ""129T6911P0108"",
      ""context"": ""Tagged part number range end; parts tagged 129T6911P0101 through P0108 limited to only one tour after repair then must be scrapped."",
      ""required_inspection_types"": [],
      ""source_location"": ""Parts Tour After Repair body text""
    },
    {
      ""part_number"": ""100T8378"",
      ""context"": ""Kit part number listed for 7F.04 Standard AGP (table shows 'Kit')."",
      ""required_inspection_types"": [],
      ""source_location"": ""Unlabeled kit/machining table (Page 3)""
    },
    {
      ""part_number"": ""115T2726"",
      ""context"": ""Kit part number listed for 7F.04 Tech (table shows 'Kit')."",
      ""required_inspection_types"": [],
      ""source_location"": ""Unlabeled kit/machining table (Page 3)""
    },
    {
      ""part_number"": ""133E8966"",
      ""context"": ""Machining part number listed for 7F.04 Standard AGP (table shows 'Machining')."",
      ""required_inspection_types"": [],
      ""source_location"": ""Unlabeled kit/machining table (Page 3)""
    },
    {
      ""part_number"": ""144E7889"",
      ""context"": ""Machining part number listed for 7F.04 Standard AGP (table shows 'Machining')."",
      ""required_inspection_types"": [],
      ""source_location"": ""Unlabeled kit/machining table (Page 3)""
    },
    {
      ""part_number"": ""123T2854"",
      ""context"": ""Machining part number listed for 7F.04 Standard AGP (table shows 'Machining')."",
      ""required_inspection_types"": [],
      ""source_location"": ""Unlabeled kit/machining table (Page 3)""
    },
    {
      ""part_number"": ""124T3686"",
      ""context"": ""Machining part number listed for 7F.04 Standard AGP (table shows 'Machining')."",
      ""required_inspection_types"": [],
      ""source_location"": ""Unlabeled kit/machining table (Page 3)""
    },
    {
      ""part_number"": ""115T2721"",
      ""context"": ""Machining part number listed for 7F.04 Tech (table shows 'Machining')."",
      ""required_inspection_types"": [],
      ""source_location"": ""Unlabeled kit/machining table (Page 3)""
    },
    {
      ""part_number"": ""123T2881"",
      ""context"": ""Machining part number listed for 7F.04 Tech (table shows 'Machining')."",
      ""required_inspection_types"": [],
      ""source_location"": ""Unlabeled kit/machining table (Page 3)""
    },
    {
      ""part_number"": null,
      ""context"": ""Updated inter-segment seals (laminate seals) to be installed on Stage 1 Shroud, Stage 2 Nozzle, Stage 2 Shroud, Stage 3 Nozzle, Stage 3 Shroud (no part numbers provided)."",
      ""required_inspection_types"": [],
      ""source_location"": ""Stage 3 Shroud Recommendations body text""
    },
    {
      ""part_number"": null,
      ""context"": ""Ninth-stage extraction air orifice plate resizing required after installation of modified S3Ss (no part number provided)."",
      ""required_inspection_types"": [],
      ""source_location"": ""Stage 3 Shroud Recommendations body text""
    }
  ],
  ""reference_documents"": [],
  ""configuration_dependent"": true,
  ""configuration_variables"": [
    ""agp_configuration (Standard vs Tech vs Tech-Lite)"",
    ""s3s_configuration (affected/uncooled vs modified/cooled)"",
    ""s3b_repair_process_status (new repair process vs previously refurbished before new process)"",
    ""tagged_part_number_range (129T6911P0001-P048; 129T6911P0101-P0108)""
  ],
  ""configuration_summary"": ""Actions differ based on whether S3Ss are affected (uncooled) vs modified (cooled), whether S3Bs have operated with affected S3Ss, whether S3Bs are repaired with the new process vs legacy refurbished, and whether parts are Standard AGP vs Tech (Tech eligibility assessed during repair). Certain tagged repaired parts are limited to one tour post-repair then scrap."",
  ""severity_signals"": [
    ""Failure to comply with these recommendations may result in a forced outage and/or increased part fallout during refurbishment."",
    ""Failure to comply with the TIL could result in equipment damage or facility damage."",
    ""could eventually lead to tip shroud liberation"",
    ""Partial completion of the TIL may result in unexpected unit performance or undesirable conditions.""
  ],
  ""failure_consequences"": [
    ""forced outage"",
    ""increased part fallout during refurbishment"",
    ""tip shroud liberation"",
    ""unexpected unit performance or undesirable conditions""
  ],
  ""risk_summary"": ""Creep distress in S3B tip shroud fillet regions may propagate to cracking and potential tip shroud liberation, and failure to implement required S3B/S3S modifications and associated configuration changes may result in forced outage, equipment/facility damage, and undesirable operating conditions."",
  ""safety_or_damage_language_found"": true,
  ""tables_found_summary"": [
    {
      ""table_label"": ""Compliance Category definitions table"",
      ""table_description"": ""Defines M/C/A/S compliance categories and their meanings."",
      ""useful_for_downstream"": false,
      ""reason"": ""Administrative legend; does not provide equipment-specific actions, intervals, or part applicability.""
    },
    {
      ""table_label"": ""Timing Code legend table"",
      ""table_description"": ""Defines timing codes 1–6 (e.g., 'At First Exposure of Component')."",
      ""useful_for_downstream"": false,
      ""reason"": ""Administrative legend; timing code value is already captured elsewhere and table does not provide unit-specific requirements.""
    },
    {
      ""table_label"": ""Table 1: Summary of Affected and Modified S3S Part Numbers"",
      ""table_description"": ""Maps affected (uncooled) S3S part numbers to modified (cooled) S3S part numbers."",
      ""useful_for_downstream"": true,
      ""reason"": ""Contains specific part-number applicability needed to identify affected hardware and required modification.""
    },
    {
      ""table_label"": ""Kit/Machining part numbers by configuration (7F.04 Standard AGP vs 7F.04 Tech)"",
      ""table_description"": ""Lists kit part numbers and machining part numbers for 7F.04 Standard AGP and 7F.04 Tech."",
      ""useful_for_downstream"": true,
      ""reason"": ""Contains specific kit/machining identifiers that may be needed for parts planning and configuration validation.""
    }
  ],
  ""missing_information_flags"": [
    ""Table 2 (Summary of Affected S3B Part Numbers) is referenced in text but its contents/part numbers are not present in the provided extracted tables/text."",
    ""Timing code is stated as 'Timing Code - 4' but the document does not explicitly restate the required compliance timing in the recommendations using the timing code language (e.g., 'At First Exposure of Component') for each action."",
    ""No specific part numbers are provided for laminate seals, ninth-stage extraction air orifice plate, or the unit control constant update.""
  ],
  ""source_snippets"": [
    {
      ""field"": ""purpose"",
      ""snippet"": ""Inform affected users of Stage 3 Bucket (S3B) and Stage 3 Shroud (S3S) modifications required for more reliable gas turbine operation. Failure to comply with these recommendations may result in a forced outage and/or increased part fallout during refurbishment.""
    },
    {
      ""field"": ""frame_or_model_applicability_text"",
      ""snippet"": ""7F gas turbines with the Standard, Tech, or Tech-Lite Advanced Gas Path (AGP) configurations installed or in inventory.""
    },
    {
      ""field"": ""service_recommendation_line_items"",
      ""snippet"": ""All affected spare sets of S3Ss should be sent to a GE Vernova Service Center to receive the cooling air modification prior to installation and operation in a unit.""
    },
    {
      ""field"": ""service_recommendation_line_items"",
      ""snippet"": ""All affected S3Ss currently operating in a unit should be sent to a GE Vernova Service Center to receive the cooling air modification after completion of current tour.""
    },
    {
      ""field"": ""service_recommendation_line_items"",
      ""snippet"": ""As recommended in the previous R0 release of this TIL, these S3Bs should be Fluorescent Penetrant inspected (FPI) every 4000 fired hours until removed from service. The FPI should cover both the pressure and suction sides of the tip shroud fillets.""
    },
    {
      ""field"": ""completion_criteria_text"",
      ""snippet"": ""This TIL will be considered complete when all affected S3Bs and S3Ss have received their respective modifications or have been retired from service.""
    },
    {
      ""field"": ""failure_consequences"",
      ""snippet"": ""Failure to comply with these recommendations may result in a forced outage and/or increased part fallout during refurbishment.""
    },
    {
      ""field"": ""severity_signals"",
      ""snippet"": ""The internal creep voids that were observed may propagate to the surface and initiate cracks that could eventually lead to tip shroud liberation.""
    }
  ],
  ""extraction_confidence"": 0.83
}
```",ad6592d8a14ec29586c1dfa3490a8277,databricks_ai,12357,4,0.83,azure-gpt-5-2,completed,0,null,0,null,null,2026-07-11T00:03:10.943Z,2026-07-11T00:03:10.944Z,null,til_p1_20260710_235420_066bf718
