document_id,element_id,element_type,element_text,page_number,bbox_json,section_path,source_method,parser_version,run_id,processed_ts
til 1502-2r1 - 7f and 9f aft end compressor rubs,text_001_67344538,section,"GE
TIL 1502-2R1
GE ENERGY SERVICES TECHNOLOGY
CUSTOMER TECHNOLOGY SERVICES
1 NOVEMBER 2005
Compliance Category - M
Timing Code - 6
TECHNICAL INFORMATION LETTER
7F AND 9F AFT END COMPRESSOR RUBS
APPLICATION
All 7F and 9F Heavy Duty Gas Turbines
PURPOSE
To inform users to monitor equipment operation and condition, and to identify the onset, occurrence, and effects of aft end compressor rubs (when the tip of the rotor blade rubs the casing).  Rubs are evident when blade tip material is adversely affected. Information in this TIL is supplemental to information in the Inspection and Maintenance Manual provided with the gas turbine.
REASON FOR REVISION
To update the technical content of the TIL, including frequency of tip loss and recommendations when discovered.
Compliance Category
Timing Code
6 Next Scheduled Outage
COPYRIGHT 2005 GE
The information published in this Technical Information Letter is offered to you by GE in consideration of its ongoing sales and service relationship with your organization. However, since the operation of your plant involves many factors not within our knowledge, and since operation of the plant is in your control and ultimate responsibility for its continuing successful operation rests with you, GE specifically disclaims any responsibility for liability based on claims for damage of any type, i.e. direct, consequential or special that may be alleged to have been incurred as result of applying this information regardless of whether it is claimed that GE is strictly liable, in breach of contract, in breach of warranty, negligent, or is in other respects responsible for any alleged injury or damage sustained by your organization as a result of applying this information.
TIL 1502-2R1
BACKGROUND DISCUSSION
The compressor section of F-Class gas turbines has 18
(0-17) stages of rotating components (rotor blades) and
stationary components (stator vanes).
Some F-class machines have experienced aft end compressor rubs. These rubs range from light scoring on the casing to material loss at the blade tip. This phenomenon was concluded to be very low risk relative to unit operation and reliability. No performance impact and no forced outages have been experienced as a result. Rotor blades in rows 13, 14, and 15 are primarily affected.
Figure 1: F-Class Compressor Cross-Section
Based on the conclusion of Root Cause Analysis (RCA) and fleet experience, aft end rubs are primarily induced because of frequent restarts between two (2) to eight (8) hours after shutdown. During this transient period, the thermal compression of the casing relative to the rotor can decrease clearances and can lead to rubs upon restart. The heat generated from a rub can lower the local material fatigue strength of the blade resulting in material tip loss in the event of another rub. Typical material loss dimensions are less than 1/16 inch² in area (see Figure 2).
Typical Tip Loss
1/4""
Figure 2: Typical Blade Tip Loss
Restarting a unit 2 to 8 hours after a shutdown or trip is within the operating envelope, but this may cause rubs in some cases. Aft end rubs and/or tip loss pose very low risk to unit operation and reliability. No performance impact and no forced outages have been experienced due to this issue.
RECOMMENDATIONS
Follow operating practices per GER 3620 to reduce the potential for rubs on aft end compressor blades. In addition to the GER 3620 guidelines, the following recommendations would also help minimize aft end rubs and tip loss occurrence.
Keep enclosure doors closed during startup, shutdown and normal operation.
Be aware that restarting the gas turbine between two (2) and eight (8) hours following a shutdown or trip will cause the clearances in the aft end to decrease. If the unit operates this way now or has in the past, there is a potential for this clearance closure to cause aft end tip rubs. As a result, the area should be included in the yearly borescope inspections.
• Eliminate any potential pipe leaks that may cause quenching of the gas turbine compressor discharge casing.
Ensure vent fans and exhaust fans to the gas turbine enclosure are functioning properly such that no local forced convection is taking place at or near the compressor discharge casing.
Integrate the inspection for aft end compressor rubs with your yearly scheduled borescope inspection per GER 3620. Observe rotor blade stages 13 through 17 and look for mushroomed material (see Figure 3), bluing at the blade tip, and / or markings in the casing area.
Casing
Mushrooming Material Tip
Rotating Airfoil
Figure 3: Fractured Tip Surface
2 of 5
TIL 1502-2R1
If rubs or tip loss do occur, blending to increase clearances can be performed at Major Inspections (MI) or when the Compressor Discharge Casing (CDC) is removed. During repairs, clearances of rotor blades can be increased radially by tip grinding and polishing, and tip corners repaired by blade blending. Typically, 20 mils radially of material can be removed to both increase clearance and remove heat affected and rolled over material.
Following this operation, a penetrant inspection must be performed to ensure no tip cracks are present. If the CDC is removed prior to the major inspection, clearances can also be increased to eliminate the potential for tip rubs should the customer desire. Please contact your local GE service representative for assistance.
PLANNING INFORMATION
Compliance
• Compliance Category: M
• Timing Code: 6
Manpower Skills
Trained GE Borescope technician to perform borescope inspection, approximately eight (8) hours.
Trained GE Blade technician for rotor blade clearance increases, approximately 16 hours once the casing has been removed.
Parts
N/A
Special Tooling
N/A
Reference Documents
N/A
Previous Modifications
N/A
Scope of Work
N/A
Contact your local GE Energy Services representative for assistance or for additional information.
NOTE: If you would like to receive future TILs by email, contact your local GE Energy Services representative for assistance.
3 of 5
TIL 1502-2R1
TIL COMPLIANCE RECORD
Compliance with this TIL must be entered in local records.  GE requests that the customer notify GE upon compliance of this TIL.
Complete the following TIL Compliance Record and FAX it to:
TIL Compliance
FAX: (678) 844-3451
Toll free FAX: 1-888-896-TILS (1-888-896-8457)
4 of 5
TIL 1502-2R1
USER SATISFACTION SURVEY
GE values your opinions and comments.
GE requests that you complete the User Satisfaction Survey below to help us better serve you with accurate and timely information on your equipment.
Complete the following TIL Compliance Record and FAX it to:
TIL Survey
GE Customer Technology Services
FAX: (678) 844-6737
Toll free FAX: 1-866-604-2668
5 of 5",null,null,document.raw_text,databricks_ai,v1,til_p1_20260626_053348_c2e611d7,2026-06-26T05:37:28.946Z
til 1502-2r1 - 7f and 9f aft end compressor rubs,table_001_861df81a,table,"<table><tr><th>O - Optional</th><td>Identifies changes that may be beneficial to some, but not necessarily all, operators. Accomplishment is at customer's discretion.</td></tr><tr><th>M - Maintenance</th><td>Identifies maintenance guidelines or best practices for reliable equipment operation.</td></tr><tr><th>C - Compliance Required</th><td>Identifies the need for action to correct a condition that, if left uncorrected, may result in reduced equipment reliability, efficiency, or safety. Compliance may be required within a specific operating time.</td></tr><tr><th>A - Alert / Safety</th><td>Failure to comply with the TIL could result in equipment damage, facility damage, or personal injury. Compliance is mandated within a specific operating time.</td></tr></table>",null,"[{""coord"": [245, 1014, 1556, 1434], ""page_id"": 0}]",table_1,databricks_ai,v1,til_p1_20260626_053348_c2e611d7,2026-06-26T05:37:28.946Z
til 1502-2r1 - 7f and 9f aft end compressor rubs,table_002_bea7e9c4,table,<table><tr><td>1</td><td>Prior to Unit Startup / Prior to Continued Operation (forced outage condition)</td></tr><tr><td>2</td><td>At First Opportunity (next shutdown)</td></tr><tr><td>3</td><td>Prior to Operation of Affected System</td></tr><tr><td>4</td><td>At First Exposure of Component</td></tr><tr><td>5</td><td>At Scheduled Component Part Repair or Replacement</td></tr></table>,null,"[{""coord"": [245, 1522, 1239, 1800], ""page_id"": 0}]",table_2,databricks_ai,v1,til_p1_20260626_053348_c2e611d7,2026-06-26T05:37:28.946Z
til 1502-2r1 - 7f and 9f aft end compressor rubs,table_003_2ab5ae1b,table,<table><tr><td>7</td><td>Optional</td></tr></table>,null,"[{""coord"": [245, 1893, 452, 1925], ""page_id"": 0}]",table_3,databricks_ai,v1,til_p1_20260626_053348_c2e611d7,2026-06-26T05:37:28.946Z
til 1502-2r1 - 7f and 9f aft end compressor rubs,table_004_9ad7d411,table,"<table><tr><td colspan=""2"">TIL COMPLIANCE RECORD</td><td colspan=""2"">For Internal Records Only #</td><td></td></tr><tr><td>Site Name:</td><td colspan=""2"">Customer Name:</td><td colspan=""2""></td></tr><tr><td colspan=""2"">Customer Contact Information</td><td colspan=""2"">GE Contact Information</td><td></td></tr><tr><td>Contact Name:</td><td colspan=""2""></td><td>Contact Name:</td><td></td></tr><tr><td>Address:</td><td colspan=""2""></td><td>Address:</td><td></td></tr><tr><td></td><td colspan=""2""></td><td></td><td></td></tr><tr><td>Email:</td><td colspan=""2""></td><td>Email:</td><td></td></tr><tr><td>Phone:</td><td colspan=""2""></td><td>Phone:</td><td></td></tr><tr><td>FAX:</td><td colspan=""2""></td><td>FAX:</td><td></td></tr><tr><td colspan=""5"">Turbine Serial Number(s):</td></tr><tr><td colspan=""5""></td></tr><tr><td colspan=""5""></td></tr><tr><td colspan=""2"">INSTALLED EQUIPMENT</td><td colspan=""3"">TIL Completed Date:</td></tr><tr><td colspan=""2""></td><td colspan=""3"">100% TIL Completed:</td></tr><tr><td colspan=""2"">Description:</td><td colspan=""3""></td></tr><tr><td colspan=""5""></td></tr><tr><td colspan=""5""></td></tr><tr><td>Unit Numbers:</td><td>Part Description:</td><td>Part Number</td><td colspan=""2"">MLI Number</td></tr><tr><td></td><td></td><td></td><td colspan=""2""></td></tr><tr><td></td><td></td><td></td><td colspan=""2""></td></tr><tr><td></td><td></td><td></td><td colspan=""2""></td></tr><tr><td></td><td></td><td></td><td colspan=""2""></td></tr><tr><td></td><td></td><td></td><td colspan=""2""></td></tr><tr><td></td><td></td><td></td><td colspan=""2""></td></tr><tr><td colspan=""5"">Comments:</td></tr><tr><td colspan=""5""></td></tr><tr><td colspan=""5""></td></tr><tr><td colspan=""5""></td></tr><tr><td colspan=""5""></td></tr><tr><td colspan=""5"">NOTE: If there are any redlined drawings that pertain to this TIL implementation, please FAX the drawings along with this TIL Compliance Record.</td></tr><tr><td>FAX this form to:</td><td colspan=""4"">TIL Compliance<br>FAX: (678) 844-3451<br>Toll free FAX: 1-888-896-TILS (1-888-896-8457)</td></tr></table>",null,"[{""coord"": [148, 503, 1565, 2072], ""page_id"": 3}]",table_4,databricks_ai,v1,til_p1_20260626_053348_c2e611d7,2026-06-26T05:37:28.946Z
til 1502-2r1 - 7f and 9f aft end compressor rubs,table_005_b28d02bb,table,"<table><tr><td colspan=""4"">USER SATISFACTION SURVEY</td></tr><tr><td>Serial Number:</td><td></td><td>Date:</td><td></td></tr><tr><td colspan=""4"">1. How many days after TIL issue date did you receive this TIL?</td></tr><tr><td>1 - 5 days</td><td>6 - 10 days</td><td colspan=""2"">+ 10 days</td></tr><tr><td colspan=""4"">NOTE: If you would like to receive future TILs by email, contact your local GE Energy Services representative for assistance.</td></tr><tr><td colspan=""4"">Rate the following based on a scale of 1 to 5, where 1 is Excellent and 5 is Poor.</td></tr><tr><td colspan=""4"">2. Please rate how well this document informed you of the technical issue.</td></tr><tr><td>1</td><td>2</td><td>3</td><td>4</td><td>5</td></tr><tr><td colspan=""4"">3. Please rate the overall effectiveness of this TIL.</td></tr><tr><td>1</td><td>2</td><td>3</td><td>4</td><td>5</td></tr><tr><td colspan=""4"">Comments / Suggestions:</td></tr><tr><td colspan=""4""></td></tr><tr><td colspan=""4""></td></tr><tr><td colspan=""4""></td></tr><tr><td colspan=""4""></td></tr><tr><td colspan=""4""></td></tr><tr><td colspan=""4""></td></tr><tr><td colspan=""4""></td></tr><tr><td colspan=""4""></td></tr><tr><td colspan=""4""></td></tr><tr><td>FAX this form to:</td><td colspan=""3"">TIL Survey<br>GE Customer Technology Services<br>FAX: (678) 844-6737<br>Toll free FAX: 1-866-604-2668</td></tr></table>",null,"[{""coord"": [152, 594, 1571, 1925], ""page_id"": 4}]",table_5,databricks_ai,v1,til_p1_20260626_053348_c2e611d7,2026-06-26T05:37:28.946Z
til 1945-r2 - f-class turbine wheel inspection and maintenance recommendations,text_001_352a0f28,section,"GE
GE VERNOVA
PRODUCT SERVICE
TIL 1945-R2
Publish Date: 15 JULY 2024
Compliance Category - A
Timing Code - 6
TECHNICAL INFORMATION LETTER
F-CLASS TURBINE WHEEL INSPECTION AND MAINTENANCE RECOMMENDATIONS
APPLICATION
Select F-class gas turbine rotors.
PURPOSE
Advise users to perform routine inspections at a maintenance interval based on installed configuration. This TIL supersedes TILs 1280, 1327, 1434, 1539, 1540, and 1742.
REASON FOR REVISION
1) Added a new 3 Step-Age Heat Treatment category for Stage 1 & Stage 2 wheels applicable to 7F and 6F.
2) Added a specific ECI inspection interval for Stage 1 contoured and enhanced wheels with 2 Step-Age heat treatment,
3) Added a specific ECI inspection interval for Stage 2 wheels post Rotor Life Extension.
COMPLIANCE CATEGORY
TIMING CODE
© 2024 GE Vernova
The proprietary information published in this Technical Information Letter is offered to you by GE Vernova in consideration of its ongoing sales and service relationship with your organization. However, since the operation of your plant involves many factors not within our knowledge, and since operation of the plant is in your control and ultimate responsibility for its continuing successful operation rests with you, GE Vernova specifically disclaims any responsibility for liability based on claims for damage of any type, i.e. direct, consequential or special that may be alleged to have been incurred as result of applying this information regardless of whether it is claimed that GE Vernova is strictly liable, in breach of contract, in breach of warranty, negligent, or is in other respects responsible for any alleged injury or damage sustained by your organization as a result of applying this information. This Technical Information Letter contains proprietary information of GE Vernova and is furnished to its customer solely to assist that customer in the installation, testing, operation and/or maintenance of the equipment described. This document shall not be reproduced or distributed in whole or in part nor shall its contents be disclosed to any third party without the written approval of GE Vernova. All rights reserved.
Date Printed: 15 JULY 2024
BACKGROUND DISCUSSION
The function of the turbine rotor in a heavy-duty gas turbine engine includes carrying turbine blade loads, transmitting torque to the compressor and generator for power generation, as well as supplying the turbine blades with cooling air.
Prior to assembly, the individual disks or wheels are balanced by the addition of weights installed in a groove. The weights are held in place by deforming the metal on either the balance weight or the balance weight groove. The turbine blades are retained axially by a snap ring type lock wire that is located in a machined groove passing through the turbine blades and turbine wheel.  The portion of the wheel retaining the lock wire is known as the lock wire tab.  The F-class turbine blade cooling air supply is provided through cooling slots in the bottom of the stage 1 and 2 turbine wheel dovetails.
Stage 1 Wheel
Stage 2 Wheel
Forward Web
Lock Wire Tab
Cooling slot
Balance Weight Groove
Wheel post
A-A
Figure 1: F-class Turbine Rotor Features
The disks in the turbine rotor are made of a high nickel alloy that is sensitive to surface imperfections where an intergranular crack may initiate and propagate due to high stresses and temperatures. Depending on the initiation location, an undetected crack may continue to propagate due to exposure to stress and temperature until either:
1- the crack is detected and either repaired or the rotor is removed from service, or
2- the crack propagates to a critical length, releasing a wheel section and/or adjacent turbine blades into the turbine hot gas path section potentially resulting in significant damage.
© 2024 GE Vernova
The proprietary information published in this Technical Information Letter is offered to you by GE Vernova in consideration of its ongoing sales and service relationship with your organization. However, since the operation of your plant involves many factors not within our knowledge, and since operation of the plant is in your control and ultimate responsibility for its continuing successful operation rests with you, GE Vernova specifically disclaims any responsibility for liability based on claims for damage of any type, i.e. direct, consequential or special that may be alleged to have been incurred as result of applying this information regardless of whether it is claimed that GE Vernova is strictly liable, in breach of contract, in breach of warranty, negligent, or is in other respects responsible for any alleged injury or damage sustained by your organization as a result of applying this information. This Technical Information Letter contains proprietary information of GE Vernova and is furnished to its customer solely to assist that customer in the installation, testing, operation and/or maintenance of the equipment described. This document shall not be reproduced or distributed in whole or in part nor shall its contents be disclosed to any third party without the written approval of GE Vernova. All rights reserved.
Date Printed: 15 JULY 2024
Continuous improvements have been made to the turbine rotor wheels over time in order to improve their overall damage sensitivity.
Rotors operating in high ambient and humid or corrosive conditions have an increased risk of crack initiation and propagation. Recommended inspections and inspection intervals to help mitigate crack propagation are provided based on wheel features, such as: shot peening condition at first fire, cooling slot geometry, material heat treatment, and environmental conditions. In some cases, rotors may be swapped from site to site in order to expedite an outage. This TIL is being issued to all general F-Class turbine rotors in order to provide recommendations for the various configurations. Rotors operating in high ambient and/or corrosive conditions have an increased risk of crack initiation and propagation and are addressed in TIL 1937.
Shot Peening Effect
Early generation turbine rotors have the highest sensitivity to surface imperfections. These rotors were manufactured and fired without full shot peen coverage of the turbine wheels. Shot peening leaves a residual compressive stress and decreases the risk of initiating a crack. Wheels that operated without shot peening have an increased risk of initiating and propagating a crack in the rim region of the turbine rotor and in the turbine wheel dovetail slots. After 1996, all F-class turbine wheels shipped with full peening coverage; these wheels were never fired without shot peening.
Cooling Slot
During operation, the intersection of the cooling slot and dovetail slot is subjected to high temperatures and tensile stresses caused by turbine blade pull. The high temperatures and stresses in conjunction with an adverse edge condition have been known to initiate cracks in this location.
Crack
Figure 2: Crack at Broached Wheel Post and Original Cooling Slot Corner
Three cooling slot shapes exist including original, contoured, and enhanced. The contoured (released in 2002) and enhanced (released in 2006) cooling slot shapes were developed to lower stresses in the region where indications have been observed in original slot configuration wheels. Please see Tables 1 to 6 below for eddy current inspection recommendations for original, contour, and enhanced cooling slot configuration wheels. Some rotors may have a
© 2024 GE Vernova
The proprietary information published in this Technical Information Letter is offered to you by GE Vernova in consideration of its ongoing sales and service relationship with your organization. However, since the operation of your plant involves many factors not within our knowledge, and since operation of the plant is in your control and ultimate responsibility for its continuing successful operation rests with you, GE Vernova specifically disclaims any responsibility for liability based on claims for damage of any type, i.e. direct, consequential or special that may be alleged to have been incurred as result of applying this information regardless of whether it is claimed that GE Vernova is strictly liable, in breach of contract, in breach of warranty, negligent, or is in other respects responsible for any alleged injury or damage sustained by your organization as a result of applying this information. This Technical Information Letter contains proprietary information of GE Vernova and is furnished to its customer solely to assist that customer in the installation, testing, operation and/or maintenance of the equipment described. This document shall not be reproduced or distributed in whole or in part nor shall its contents be disclosed to any third party without the written approval of GE Vernova. All rights reserved.
Date Printed: 15 JULY 2024
combination of enhanced, contoured, and/or original configuration wheels, depending on rotor repair history. All wheels should follow their applicable inspection recommendations. If a cooling slot crack is detected during the inspection, immediate wheel replacement will be recommended to avoid the risk of wheel post liberation during operation.
Stage 1
Wheel
Original (1995)
Contoured (2002)
Enhanced (2006)
Figure 3: Original, Contoured, and Enhanced cooling slot profiles
Lock Wire Tabs
Lock-wire tab (LWT) cracks have also been detected on the turbine rotor wheels.  These types of cracks can typically be repaired on site, subject to repair limits, without the need for rotor disassembly or wheel replacement.
Stage 1
Wheel
Lockwire tab
crack
Figure 4: Potential LWT Crack Orientations
© 2024 GE Vernova
The proprietary information published in this Technical Information Letter is offered to you by GE Vernova in consideration of its ongoing sales and service relationship with your organization. However, since the operation of your plant involves many factors not within our knowledge, and",null,null,document.raw_text,databricks_ai,v1,til_p1_20260626_053348_c2e611d7,2026-06-26T05:37:28.946Z
til 1945-r2 - f-class turbine wheel inspection and maintenance recommendations,table_001_9bf0ab6f,table,"<table><tr><td><b>M - Maintenance</b></td><td>Identifies maintenance guidelines or best practices for reliable equipment operation.</td></tr><tr><td><b>C - Compliance Required</b></td><td>Identifies the need for action to correct a condition that, if left uncorrected, may result in reduced equipment reliability or efficiency. Compliance may be required within a specific operating time.</td></tr><tr><td><b>A - Alert</b></td><td>Failure to comply with the TIL could result in equipment damage or facility damage. Compliance is mandated within a specific operating time.</td></tr><tr><td><b>S - Safety</b></td><td>Failure to comply with this TIL could result in personal injury. Compliance is mandated within a specific operating time.</td></tr></table>",null,"[{""coord"": [120, 1127, 1617, 1368], ""page_id"": 0}]",table_1,databricks_ai,v1,til_p1_20260626_053348_c2e611d7,2026-06-26T05:37:28.946Z
til 1945-r2 - f-class turbine wheel inspection and maintenance recommendations,table_002_85307677,table,<table><tr><td>1</td><td>Prior to Unit Startup / Prior to Continued Operation (forced outage condition)</td></tr><tr><td>2</td><td>At First Opportunity (next shutdown)</td></tr><tr><td>3</td><td>Prior to Operation of Affected System</td></tr><tr><td>4</td><td>At First Exposure of Component</td></tr><tr><td>5</td><td>At Scheduled Component Part Repair or Replacement.</td></tr><tr><td>6</td><td>Next Scheduled Outage</td></tr></table>,null,"[{""coord"": [120, 1400, 1617, 1702], ""page_id"": 0}]",table_2,databricks_ai,v1,til_p1_20260626_053348_c2e611d7,2026-06-26T05:37:28.946Z
til 1945-r2 - f-class turbine wheel inspection and maintenance recommendations,table_003_edf4812b,table,"<table><tr><th rowspan=""2"">Material Heat Treatment</th><th rowspan=""2"">Peening Condition</th><th rowspan=""2"">Cooling Slot Geometry</th><th rowspan=""2"">Balance Rail & Lock Wire Tab</th><th colspan=""2"">Recommendations</th><th colspan=""2"">Applicable Part Numbers</th></tr><tr><th>Inspection</th><th>Interval</th><th>Frame</th><th>Stage 1</th></tr><tr><td rowspan=""10"">2 Step Age</td><td>Fired without Shot Peening</td><td>Original</td><td>Original</td><td>ECI Visual BI FPI UT</td><td>every 24 hrs or 900 starts</td><td>7F</td><td>227C5762 103E5795<br>188D7369 109E3085<br>101E8627 109E3896<br>103E5773</td></tr><tr><td>Peening Modification</td><td>Original</td><td>Original</td><td colspan=""2"">May have been peened prior to first fire. Contact your GE Vernova representative with your turbine serial number to determine the applicable peening condition. Until validated by your GE Vernova representative, assume Fired without Shot Peening recommendations apply.</td><td>7F</td><td>193D2053<br>193D2063</td></tr><tr><td rowspan=""8"">Never Fired without Shot Peening</td><td rowspan=""4"">Original</td><td rowspan=""4"">Original</td><td>ECI</td><td>every 48 hrs or 2,400 starts [every 24 hrs or 900 starts if back cut buckets not installed]</td><td rowspan=""4"">7F</td><td>243C1494 109E5612<br>188D7996 114E1228<br>196D1915 116E2434<br>199D3931 117E5673<br>109E5303 119E2398<br>109E5589 119E2621</td></tr><tr><td>BI</td><td>every HGPI when CDC is not removed</td></tr><tr><td>FPI</td><td>LWT : every HGPI when buckets are removed<br>BWG : every Major and when CDC is removed during HGPI</td></tr><tr><td rowspan=""2"">Contoured</td><td rowspan=""2"">Original</td><td>ECI</td><td>at 96 hrs or 3,600 starts [every 48 hrs or 2,400 starts if back cut buckets not installed]</td><td rowspan=""2"">7F</td><td>116E3967</td></tr><tr><td>BI</td><td>every HGPI when CDC is not removed</td><td>119E3771</td></tr><tr><td rowspan=""4"">Enhanced</td><td rowspan=""4"">Original</td><td>ECI</td><td>at 96 hrs or 3,600 starts</td><td rowspan=""4"">7F</td><td rowspan=""4"">323E2241</td></tr><tr><td>BI</td><td>every HGPI when CDC is not removed</td></tr><tr><td>FPI</td><td>LWT : every HGPI when buckets are removed<br>BWG : every Major and when CDC is removed during HGPI</td></tr><tr><td>Stakeless & Modified Tab</td><td>ECI</td><td>at 96 hrs or 3,600 starts</td><td rowspan=""2"">7F</td><td rowspan=""2"">144E7560</td></tr><tr><td>FPI</td><td>LWT : every Major</td></tr><tr><td>3 Step Age</td><td>Never Fired without Shot Peening</td><td>Enhanced</td><td>Stakeless & Modified Tab</td><td>FPI</td><td>LWT : every Major</td><td>7F</td><td>146E3626</td></tr></table>",null,"[{""coord"": [121, 79, 1601, 1667], ""page_id"": 6}]",table_3,databricks_ai,v1,til_p1_20260626_053348_c2e611d7,2026-06-26T05:37:28.946Z
til 1945-r2 - f-class turbine wheel inspection and maintenance recommendations,table_004_68f9ec78,table,"<table><tr><th rowspan=""2"">Material Heat Treatment</th><th rowspan=""2"">Peening Condition</th><th rowspan=""2"">Cooling Slot Geometry</th><th rowspan=""2"">Balance Rail & Lock Wire Tab</th><th colspan=""2"">Recommendations</th><th colspan=""2"">Applicable Part Numbers</th></tr><tr><th>Inspection</th><th>Interval</th><th>Frame</th><th>Stage 2</th></tr><tr><td rowspan=""10"">2 Step Age</td><td>Fired without Shot Peening</td><td>Original</td><td>Original</td><td>ECI Visual, BIFPI UT</td><td>every 24 hrs or 900 starts</td><td>7F</td><td>227C5763 103E5796<br>101E8629 108E4197<br>103E5775 109E3897</td></tr><tr><td>Peening Modification</td><td>Original</td><td>Original</td><td colspan=""2"">May have been peened prior to first fire. Contact your GE Vernova representative with your turbine rotor serial number to determine the applicable peening condition. Until validated by your GE Vernova representative, assume Fired without Shot Peening recommendations apply.</td><td>7F</td><td>193D2055<br>193D2064</td></tr><tr><td rowspan=""6"">Never Fired without Shot Peening</td><td rowspan=""3"">Original</td><td rowspan=""3"">Original</td><td>ECI</td><td>if S2B P/N 118T8421 or 122T9656 installed, inspect at 96 hrs or 3,750 starts [inspection window is 80-104 hrs]</td><td rowspan=""3"">7F</td><td>193D2400<br>199D3925<br>109E5591<br>109E5614<br>114E1229<br>116E2436</td></tr><tr><td>FPI</td><td>LWT : every HGPI when buckets are removed<br>BWG : every HGPI</td></tr><tr><td>ECI</td><td>at first Major after TW2 Life Extension</td></tr><tr><td>Contoured</td><td>Original</td><td>ECI</td><td>at first Major after TW2 Life Extension</td><td>7F</td><td>116E3968<br>119E6503</td></tr><tr><td rowspan=""3"">Enhanced</td><td rowspan=""2"">Original</td><td>ECI</td><td>at first Major after TW2 Life Extension</td><td rowspan=""2"">7F</td><td>323E2240</td></tr><tr><td>FPI</td><td>LWT : every HGPI when buckets are removed<br>BWG : every HGPI</td></tr><tr><td>Stakeless & Modified Tab</td><td>ECI</td><td>at first Major after TW2 Life Extension</td><td>7F</td><td>144E7562</td></tr><tr><td>FPI</td><td>LWT : every Major</td></tr><tr><td>3 Step Age</td><td>Never Fired without Shot Peening</td><td>Enhanced</td><td>Stakeless & Modified Tab</td><td>FPI</td><td>LWT : every Major</td><td>7F</td><td>146E3601</td></tr></table>",null,"[{""coord"": [123, 133, 1601, 1547], ""page_id"": 7}]",table_4,databricks_ai,v1,til_p1_20260626_053348_c2e611d7,2026-06-26T05:37:28.946Z
til 1945-r2 - f-class turbine wheel inspection and maintenance recommendations,table_005_2c2ac8f5,table,"<table><tr><th>Material Heat Treatment</th><th>Peening Condition</th><th>Cooling Slot Geometry</th><th>Balance Rail & Lock Wire Tab</th><th colspan=""2"">Recommendations</th><th colspan=""2"">Applicable Part Numbers</th></tr><tr><th></th><th></th><th></th><th></th><th>Inspection</th><th>Interval</th><th>Frame</th><th>Stage 1</th></tr><tr><td rowspan=""6"">2 Step Age</td><td>Fired without Shot Peening</td><td>Original</td><td>Original</td><td>ECI Visual, BIFPI UT</td><td>every 24 hrs or 900 starts</td><td>9F</td><td>101E2274<br>103E3969<br>109E3982</td></tr><tr><td>Peening Modification</td><td>Original</td><td>Original</td><td colspan=""2"">May have been peened prior to first fire. Contact your GE Vernova representative with your turbine rotor serial number to determine applicable peening condition. Until validated by your GE Vernova representative, assume Fired without Shot Peening recommendations apply.</td><td>9F</td><td>227C5743 193D2050<br>188D7864 193D2422<br>193D2023 196D1632<br>193D2036 198D1211</td></tr><tr><td rowspan=""5"">Never Fired without Shot Peening</td><td rowspan=""2"">Original</td><td rowspan=""2"">Original</td><td>ECI</td><td>every 48 hrs or 2,400 starts [every 24 hrs or 900 starts if back cut buckets not installed]</td><td rowspan=""2"">9F</td><td rowspan=""2"">109E5254</td></tr><tr><td>BI</td><td>every HGPI when CDC is not removed</td></tr><tr><td rowspan=""2"">Contoured</td><td rowspan=""2"">Original</td><td>FPI</td><td>LWT : every HGPI when buckets are removed<br>BWG : every Major and when CDC is removed during HGPI</td><td rowspan=""2"">9F</td><td rowspan=""2"">111E3299</td></tr><tr><td>ECI</td><td>at 96 hrs or 3,600 starts [every 48 hrs or 2,400 starts if back cut buckets not installed]</td></tr><tr><td rowspan=""3"">Enhanced</td><td rowspan=""3"">Original</td><td rowspan=""3"">Stakeless & Modified Tab</td><td>ECI</td><td>at 96 hrs or 3,600 starts</td><td rowspan=""3"">9F</td><td rowspan=""3"">133E8667<br>146E2874<br>113T0325</td></tr><tr><td>BI</td><td>every HGPI when CDC is not removed</td></tr><tr><td>FPI</td><td>LWT : every HGPI when buckets are removed<br>BWG : every Major and when CDC is removed during HGPI</td></tr><tr><td></td><td></td><td></td><td></td><td>ECI</td><td>at 96 hrs or 3,600 starts</td><td>9F</td><td>146E2874<br>113T0325</td></tr><tr><td></td><td></td><td></td><td></td><td>FPI</td><td>LWT : every Major</td><td></td><td></td></tr></table>",null,"[{""coord"": [123, 79, 1603, 1449], ""page_id"": 8}]",table_5,databricks_ai,v1,til_p1_20260626_053348_c2e611d7,2026-06-26T05:37:28.946Z
til 1945-r2 - f-class turbine wheel inspection and maintenance recommendations,table_006_b829c2d3,table,"<table><tr><th>Material Heat Treatment</th><th>Peening Condition</th><th>Cooling Slot Geometry</th><th>Balance Rail & Lock Wire Tab</th><th colspan=""2"">Recommendations</th><th colspan=""2"">Applicable Part Numbers</th></tr><tr><th></th><th></th><th></th><th></th><th>Inspection</th><th>Interval</th><th>Frame</th><th>Stage 2</th></tr><tr><td rowspan=""10"">2 Step Age</td><td>Fired without Shot Peening</td><td>Original</td><td>Original</td><td>ECI Visual, BIFPI UT</td><td>every 24 hrs or 900 starts</td><td>9F</td><td>101E2276<br>103E3971<br>109E3893</td></tr><tr><td>Peening Modification</td><td>Original</td><td>Original</td><td colspan=""2"">May have been peened prior to first fire. Contact your GE Vernova representative with your turbine rotor serial number to determine applicable peening condition. Until validated by your GE Vernova representative, assume Fired without Shot Peening recommendations apply.</td><td>9F</td><td>188D7848 193D2106<br>188D7895<br>193D2025<br>193D2037</td></tr><tr><td rowspan=""6"">Never Fired without Shot Peening</td><td rowspan=""2"">Original</td><td rowspan=""2"">Original</td><td>ECI</td><td>if S2B P/N 119T9404 or 122T0124 installed, inspect at 96 hrs or 3,750 starts [inspection window is 80-104 hrs]<br>at first Major after TW2 Life Extension</td><td rowspan=""2"">9F</td><td rowspan=""2"">109E5256<br>111E3298</td></tr><tr><td>FPI</td><td>LWT : every HGPI when buckets are removed<br>BWG : every HGPI</td></tr><tr><td rowspan=""2"">Contoured</td><td rowspan=""2"">Original</td><td>ECI</td><td>at first Major after TW2 Life Extension</td><td rowspan=""2"">9F</td><td rowspan=""2"">119E6597</td></tr><tr><td>FPI</td><td>LWT : every HGPI when buckets are removed<br>BWG : every HGPI</td></tr><tr><td rowspan=""3"">Enhanced</td><td rowspan=""2"">Original</td><td>ECI</td><td>at first Major after TW2 Life Extension</td><td rowspan=""2"">9F</td><td rowspan=""2"">133E8776</td></tr><tr><td>FPI</td><td>LWT : every HGPI when buckets are removed<br>BWG : every HGPI</td></tr><tr><td>Stakeless & Modified Tab</td><td>ECI</td><td>at first Major after TW2 Life Extension</td><td>9F</td><td>146E1078<br>146E2875<br>113T0328</td></tr><tr><td></td><td></td><td></td><td>FPI</td><td>LWT : every Major</td><td></td><td></td></tr></table>",null,"[{""coord"": [123, 79, 1603, 1409], ""page_id"": 9}]",table_6,databricks_ai,v1,til_p1_20260626_053348_c2e611d7,2026-06-26T05:37:28.946Z
til 1945-r2 - f-class turbine wheel inspection and maintenance recommendations,table_007_2609b083,table,"<table><tr><th>Material Heat Treatment</th><th>Peening Condition</th><th>Cooling Slot Geometry</th><th>Balance Rail & Lock Wire Tab</th><th colspan=""2"">Recommendations</th><th colspan=""2"">Applicable Part Numbers</th></tr><tr><th></th><th></th><th></th><th></th><th>Inspection</th><th>Interval</th><th>Frame</th><th>Stage 1</th></tr><tr><td rowspan=""6"">2 Step Age</td><td rowspan=""6"">Never Fired without Shot Peening</td><td rowspan=""3"">Original</td><td rowspan=""3"">Original</td><td>ECI</td><td>every 48 hrs or 2,400 starts [every 24 hrs or 900 starts if back cut buckets not installed]</td><td rowspan=""3"">6F</td><td rowspan=""3"">109E9194</td></tr><tr><td>BI</td><td>every HGPI when CDC is not removed</td></tr><tr><td>FPI</td><td>LWT : every HGPI when buckets are removed<br>BWG : every Major and when CDC is removed during HGPI</td></tr><tr><td rowspan=""3"">Contoured</td><td rowspan=""3"">Original</td><td>ECI</td><td>at 96 hrs or 3,600 starts [every 48 hrs or 2,400 starts if back cut buckets not installed]</td><td rowspan=""3"">6F</td><td rowspan=""3"">116E3992</td></tr><tr><td>BI</td><td>every HGPI when CDC is not removed</td></tr><tr><td>FPI</td><td>LWT : every HGPI when buckets are removed<br>BWG : every Major and when CDC is removed during HGPI</td></tr><tr><td rowspan=""3"">Enhanced</td><td rowspan=""3"">Original</td><td>ECI</td><td>at 96 hrs or 3,600 starts</td><td rowspan=""3"">6F</td><td rowspan=""3"">137E1002</td></tr><tr><td>BI</td><td>every HGPI when CDC is not removed</td></tr><tr><td>FPI</td><td>LWT : every HGPI when buckets are removed<br>BWG : every Major and when CDC is removed during HGPI</td></tr><tr><td>Stakeless & Modified Tab</td><td>ECI</td><td>at 96 hrs or 3,600 starts</td><td rowspan=""2"">6F</td><td rowspan=""2"">141E4569<br>121T7210</td></tr><tr><td>FPI</td><td>LWT : every Major</td></tr><tr><td>3 Step Age</td><td>Never Fired without Shot Peening</td><td>Enhanced</td><td>Stakeless & Modified Tab</td><td>FPI</td><td>LWT : every Major</td><td>6F</td><td>131T7543</td></tr></table>",null,"[{""coord"": [123, 76, 1603, 1093], ""page_id"": 10}]",table_7,databricks_ai,v1,til_p1_20260626_053348_c2e611d7,2026-06-26T05:37:28.946Z
til 1945-r2 - f-class turbine wheel inspection and maintenance recommendations,table_008_b87b0a1e,table,"<table><tr><th>Material Heat Treatment</th><th>Peening Condition</th><th>Cooling Slot Geometry</th><th>Balance Rail & Lock Wire Tab</th><th colspan=""2"">Recommendations</th><th colspan=""2"">Applicable Part Numbers</th></tr><tr><th></th><th></th><th></th><th></th><th>Inspection</th><th>Interval</th><th>Frame</th><th>Stage 2</th></tr><tr><td rowspan=""6"">2 Step Age</td><td rowspan=""6"">Never Fired without Shot Peening</td><td rowspan=""2"">Original</td><td rowspan=""2"">Original</td><td>ECI</td><td>if S2B P/N 120T1387 or 123T0809 installed, inspect at 96 khrs or 3,750 starts [inspection window is 80-104 khrs]</td><td rowspan=""2"">6F</td><td rowspan=""2"">109E9196</td></tr><tr><td>FPI</td><td>at first Major after TW2 Life Extension<br>LWT : every HGPI when buckets are removed<br>BWG : every HGPI</td></tr><tr><td rowspan=""2"">Contoured</td><td rowspan=""2"">Original</td><td>ECI</td><td>at first Major after TW2 Life Extension</td><td rowspan=""2"">6F</td><td rowspan=""2"">116E3994</td></tr><tr><td>FPI</td><td>LWT : every HGPI when buckets are removed<br>BWG : every Major and when CDC is removed during HGPI</td></tr><tr><td rowspan=""3"">Enhanced</td><td rowspan=""2"">Original</td><td>ECI</td><td>at first Major after TW2 Life Extension</td><td rowspan=""2"">6F</td><td rowspan=""2"">137E1062</td></tr><tr><td>FPI</td><td>LWT : every HGPI when buckets are removed<br>BWG : every Major and when CDC is removed during HGPI</td></tr><tr><td>Stakeless & Modified Tab</td><td>ECI</td><td>at first Major after TW2 Life Extension</td><td>6F</td><td>141E4586<br>126T7211</td></tr><tr><td>3 Step Age</td><td>Never Fired without Shot Peening</td><td>Enhanced</td><td>Stakeless & Modified Tab</td><td>FPI</td><td>LWT : every Major</td><td>6F</td><td>131T7549</td></tr></table>",null,"[{""coord"": [123, 76, 1603, 1179], ""page_id"": 11}]",table_8,databricks_ai,v1,til_p1_20260626_053348_c2e611d7,2026-06-26T05:37:28.946Z
til 1937-r2 - f-class turbine wheel inspection and maintenance recommendations,table_001_985693ef,table,"<table><tr><td>M - Maintenance</td><td>Identifies maintenance guidelines or best practices for reliable equipment operation.</td></tr><tr><td>C - Compliance Required</td><td>Identifies the need for action to correct a condition that, if left uncorrected, may result in reduced equipment reliability or efficiency. Compliance may be required within a specific operating time.</td></tr><tr><td>A - Alert</td><td>Failure to comply with the TIL could result in equipment damage or facility damage. Compliance is mandated within a specific operating time.</td></tr><tr><td>S - Safety</td><td>Failure to comply with this TIL could result in personal injury. Compliance is mandated within a specific operating time.</td></tr></table>",null,"[{""coord"": [70, 1078, 1660, 1311], ""page_id"": 0}]",table_1,databricks_ai,v1,til_p1_20260626_053348_c2e611d7,2026-06-26T05:37:28.946Z
til 1937-r2 - f-class turbine wheel inspection and maintenance recommendations,table_004_0025d5de,table,"<table><tr><th rowspan=""2"">Material Heat Treatment</th><th rowspan=""2"">Peening Condition</th><th rowspan=""2"">Cooling Slot Geometry</th><th rowspan=""2"">Balance Rail & Lock Wire Tab</th><th colspan=""2"">Recommendations</th><th colspan=""2"">Applicable Part Numbers</th></tr><tr><th>Inspection</th><th>Interval</th><th>Frame</th><th>Stage 2</th></tr><tr><td rowspan=""10"">2 Step Age</td><td>Fired without Shot Peening</td><td>Original</td><td>Original</td><td>ECI Visual, BFI UT</td><td>every 24 hrs or 900 starts</td><td>7F</td><td>227C5763 103E5796<br>101E8629 108E4197<br>103E5775 109E3897</td></tr><tr><td>Peening Modification</td><td>Original</td><td>Original</td><td colspan=""2"">May have been peened prior to first fire. Contact your GE Vernova representative with your turbine rotor serial number to determine the applicable peening condition. Until validated by your GE Vernova representative, assume Fired without Shot Peening recommendations apply.</td><td>7F</td><td>193D2055<br>193D2064</td></tr><tr><td rowspan=""8"">Never Fired without Shot Peening</td><td rowspan=""4"">Original</td><td rowspan=""4"">Original</td><td>ECI</td><td>every 32 hrs or 1,200 starts [every 24 hrs or 900 starts if back cut buckets not installed]</td><td rowspan=""4"">7F</td><td>193D2400<br>199D3925<br>109E5591<br>109E5614<br>114E1229<br>116E2436</td></tr><tr><td>BI</td><td>every HGPI when CDC is not removed</td></tr><tr><td>FPI</td><td>LWT : every HGPI when buckets are removed<br>BWG : every Major and when CDC is removed during HGPI</td></tr><tr><td rowspan=""4"">Contoured</td><td rowspan=""4"">Original</td><td>ECI</td><td>at 96 hrs or 3,600 starts [every 48 hrs or 2,400 starts if back cut buckets not installed] and at first Major after TW2 Life Extension</td><td rowspan=""4"">7F</td><td>116E3968<br>119E6503</td></tr><tr><td>BI</td><td>every HGPI when CDC is not removed</td></tr><tr><td>FPI</td><td>LWT : every HGPI when buckets are removed<br>BWG : every Major and when CDC is removed during HGPI</td></tr><tr><td rowspan=""2"">Enhanced</td><td rowspan=""2"">Original</td><td>ECI</td><td>at 96 hrs or 3,600 starts [every 48 hrs or 2,400 starts if back cut buckets not installed] and at first Major after TW2 Life Extension</td><td rowspan=""2"">7F</td><td>323E2240</td></tr><tr><td>FPI</td><td>LWT : every HGPI when buckets are removed<br>BWG : every Major and when CDC is removed during HGPI</td></tr><tr><td></td><td>Stakeless & Modified Tab</td><td>ECI</td><td>at 96 hrs or 3,600 starts [every 48 hrs or 2,400 starts if back cut buckets not installed] and at first Major after TW2 Life Extension</td><td>7F</td><td>144E7562</td></tr><tr><td>3 Step Age</td><td>Never Fired without Shot Peening</td><td>Enhanced</td><td>Stakeless & Modified Tab</td><td>FPI</td><td>LWT : every Major</td><td>7F</td><td>146E3627</td></tr></table>",null,"[{""coord"": [68, 25, 1653, 1552], ""page_id"": 7}]",table_4,databricks_ai,v1,til_p1_20260626_053348_c2e611d7,2026-06-26T05:37:28.946Z
til 1937-r2 - f-class turbine wheel inspection and maintenance recommendations,table_005_059cffd3,table,"<table><tr><th rowspan=""2"">Material Heat Treatment</th><th rowspan=""2"">Peening Condition</th><th rowspan=""2"">Cooling Slot Geometry</th><th rowspan=""2"">Balance Rail & Lock Wire Tab</th><th colspan=""2"">Recommendations</th><th colspan=""2"">Applicable Part Numbers</th></tr><tr><th>Inspection</th><th>Interval</th><th>Frame</th><th>Stage 1</th></tr><tr><td rowspan=""10"">2 Step Age</td><td>Fired without Shot Peening</td><td>Original</td><td>Original</td><td>ECI Visual, BI FPI UT</td><td>every 24 hrs or 900 starts</td><td>9F</td><td>101E2274<br>103E3969<br>109E3982</td></tr><tr><td>Peening Modification</td><td>Original</td><td>Original</td><td colspan=""2"">May have been peened prior to first fire. Contact your GE Vernova representative with your turbine rotor serial number to determine applicable peening condition. Until validated by your GE Vernova representative, assume Fired without Shot Peening recommendations apply.</td><td>9F</td><td>227C5743<br>188D7864<br>193D2023<br>193D2036<br>193D2050<br>193D2422<br>196D1632<br>198D1211</td></tr><tr><td rowspan=""8"">Never Fired without Shot Peening</td><td rowspan=""2"">Original</td><td rowspan=""2"">Original</td><td>ECI</td><td>every 32 hrs or 1,200 starts [every 24 hrs or 900 starts if back cut buckets not installed]</td><td rowspan=""2"">9F</td><td>109E5254</td></tr><tr><td>BI</td><td>every HGPI when CDC is not removed</td></tr><tr><td rowspan=""2"">Contoured</td><td rowspan=""2"">Original</td><td>FPI</td><td>LWT : every HGPI when buckets are removed<br>BWG : every Major and when CDC is removed during HGPI</td><td rowspan=""2"">9F</td><td>111E3299</td></tr><tr><td>ECI</td><td>at 96 hrs or 3,600 starts [Every 48 hrs or 2,400 starts if back cut buckets not installed]</td></tr><tr><td rowspan=""2"">Enhanced</td><td rowspan=""2"">Original</td><td>BI</td><td>every HGPI when CDC is not removed</td><td rowspan=""2"">9F</td><td>119E6594</td></tr><tr><td>FPI</td><td>LWT : every HGPI when buckets are removed<br>BWG : every Major and when CDC is removed during HGPI</td></tr><tr><td rowspan=""2"">Stakeless & Modified Tab</td><td>ECI</td><td>at 96 hrs or 3,600 starts [every 48 hrs or 2,400 starts if back cut buckets not installed]</td><td rowspan=""2"">9F</td><td>146E2874</td></tr><tr><td>FPI</td><td>LWT : every Major</td><td>133E8667</td></tr><tr><td>3 Step Age</td><td>Never Fired without Shot Peening</td><td>Enhanced</td><td>Stakeless & Modified Tab</td><td>FPI</td><td>LWT : every Major</td><td>9F</td><td>131T7528</td></tr></table>",null,"[{""coord"": [68, 25, 1653, 1481], ""page_id"": 8}]",table_5,databricks_ai,v1,til_p1_20260626_053348_c2e611d7,2026-06-26T05:37:28.946Z
til 2284 - f-class balance weight groove entry slot recommendations,table_004_4388339e,table,"<table><tr><th>T<sub>TG</sub></th><th>S<sub>FS</sub></th><th>S<sub>FC</sub></th><th>X</th><th>T<sub>FC</sub></th><th>S<sub>Wc</sub></th><th>Y</th><th>S<sub>WW</sub></th></tr><tr><td>Turning Gear Time (hours)</td><td>Number of Fired Starts</td><td>Number of Forced Cool Downs</td><td>Frame Size Factor</td><td>Forced Cool Time (hours)</td><td>Number of Cool Starts</td><td>SC or CC Factor</td><td>Number of Offline Water Washes</td></tr><tr><td>40,000</td><td>1,900</td><td>240</td><td>24</td><td>4800</td><td>1300</td><td>86</td><td>40</td></tr></table>",null,"[{""coord"": [133, 454, 1576, 726], ""page_id"": 4}]",table_4,databricks_ai,v1,til_p1_20260626_054315_5d9adab9,2026-06-26T05:47:08.649Z
til 2284 - f-class balance weight groove entry slot recommendations,table_003_f3ec6e2b,table,<table><tr><td>5</td><td>At Scheduled Component Part Repair or Replacement.</td></tr><tr><td>6</td><td>Next Scheduled Outage</td></tr></table>,null,"[{""coord"": [173, 1352, 1579, 1441], ""page_id"": 0}]",table_3,databricks_ai,v1,til_p1_20260626_054315_5d9adab9,2026-06-26T05:47:08.649Z
til 2284 - f-class balance weight groove entry slot recommendations,table_002_34e37510,table,<table><tr><td>1</td><td>Prior to Unit Startup / Prior to Continued Operation (forced outage condition)</td></tr><tr><td>2</td><td>At First Opportunity (next shutdown)</td></tr><tr><td>3</td><td>Prior to Operation of Affected System</td></tr></table>,null,"[{""coord"": [173, 1146, 1579, 1295], ""page_id"": 0}]",table_2,databricks_ai,v1,til_p1_20260626_054315_5d9adab9,2026-06-26T05:47:08.649Z
til 2284 - f-class balance weight groove entry slot recommendations,table_001_86e18513,table,"<table><tr><th>M - Maintenance</th><td>Identifies maintenance guidelines or best practices for reliable equipment operation.</td></tr><tr><th>C - Compliance Required</th><td>Identifies the need for action to correct a condition that, if left uncorrected, may result in reduced equipment reliability or efficiency. Compliance may be required within a specific operating time.</td></tr><tr><th>A - Alert</th><td>Failure to comply with the TIL could result in equipment damage or facility damage. Compliance is mandated within a specific operating time.</td></tr><tr><th>S - Safety</th><td>Failure to comply with this TIL could result in personal injury. Compliance is mandated within a specific operating time.</td></tr></table>",null,"[{""coord"": [173, 856, 1579, 1109], ""page_id"": 0}]",table_1,databricks_ai,v1,til_p1_20260626_054315_5d9adab9,2026-06-26T05:47:08.649Z
til 2284 - f-class balance weight groove entry slot recommendations,text_001_17b758e6,section,"GE
GE POWER
PRODUCT SERVICE
TIL 2284
Publish Date: 05 MAY 2021
Compliance Category - S
Timing Code - 4
TECHNICAL INFORMATION LETTER
F-CLASS BALANCE WEIGHT GROOVE ENTRY SLOT RECOMMENDATIONS
APPLICATION
6F, 7F, and 9F Heavy Duty Gas Turbines.
PURPOSE
To advise users of the recommendation to inspect compressor aft shaft (CAS) and distance piece (DP) balance weight groove entry slots corner and perform blending operations.
COMPLIANCE CATEGORY
TIMING CODE
4 At First Exposure of Component
© 2021 General Electric Company
The proprietary information published in this Technical Information Letter is offered to you by GE in consideration of its ongoing sales and service relationship with your organization. However, since the operation of your plant involves many factors not within our knowledge, and since operation of the plant is in your control and ultimate responsibility for its continuing successful operation rests with you, GE specifically disclaims any responsibility for liability based on claims for damage of any type, i.e. direct, consequential or special that may be alleged to have been incurred as result of applying this information regardless of whether it is claimed that GE is strictly liable, in breach of contract, in breach of warranty, negligent, or is in other respects responsible for any alleged injury or damage sustained by your organization as a result of applying this information. This Technical Information Letter contains proprietary information of General Electric Company and is furnished to its customer solely to assist that customer in the installation, testing, operation and/or maintenance of the equipment described. This document shall not be reproduced or distributed in whole or in part nor shall its contents be disclosed to any third party without the written approval of GE. All rights reserved.
Date Printed: 05 MAY 2021
BACKGROUND DISCUSSION
A gas turbine rotor is an assembly of shafts, wheels, disks, and spacers. A means of balance is incorporated into each of these rotor components and the various assemblies. A balance weight groove (BWG) is one example of a feature that is used to provide a means of balancing. The BWG is an annular channel that is machined into a rotor component that provides a location for weights to be installed for balance purposes on either the piece part or as a rotor assembly. This annular channel may contain two BWG entry slots, as shown in Figure 1, located approximately 180 degrees apart that allow for the balance weights to be easily installed and located in the appropriate locations on the wheel or shaft.
Figure 1: BWG Entry Slots - Correct Machining
During non-destructive evaluation (NDE) of a distance piece (DP) as part of a rotor life extension (RLE), a crack-like indication was observed in the corner of a balance weight groove entry slot. Both grooves on the specific part showed similar indications as depicted in Figure 2. GE has inspected additional parts with similar features and observed similar indication findings.
Figure 2: Indications Found on DP During RLE - Observed Machining Issue
Upon completion of a root cause investigation, GE determined the cause is associated with the variation in the corner condition of the balance weight groove entry slots and interactions with the various stresses during gas turbine start-up, shutdown, and loaded operation (gravity sag, etc). Depending upon the specific nature of a units operation and the specific condition of the part slot corner, crack-like indications may form over the lifetime of the component. If these crack-like indications propagate to a large enough size, it may be possible for continued rapid crack growth to occur associated with gravity sag related bending of the rotor as it rotates (high cycle fatigue related mechanism). If not mitigated, the fracture propagation may lead the CAS and/or DP to separate into two separate pieces. Separation of either shaft into two pieces may create the possibility for components to exit the gas turbine leading to the possibility for INJURY TO PERSONNEL/INDIVIDUALS and substantial damage to adjacent equipment.
© 2021 General Electric Company
The proprietary information published in this Technical Information Letter is offered to you by GE in consideration of its ongoing sales and service relationship with your organization. However, since the operation of your plant involves many factors not within our knowledge, and since operation of the plant is in your control and ultimate responsibility for its continuing successful operation rests with you, GE specifically disclaims any responsibility for liability based on claims for damage of any type, i.e. direct, consequential or special that may be alleged to have been incurred as result of applying this information regardless of whether it is claimed that GE is strictly liable, in breach of contract, in breach of warranty, negligent, or is in other respects responsible for any alleged injury or damage sustained by your organization as a result of applying this information. This Technical Information Letter contains proprietary information of General Electric Company and is furnished to its customer solely to assist that customer in the installation, testing, operation and/or maintenance of the equipment described. This document shall not be reproduced or distributed in whole or in part nor shall its contents be disclosed to any third party without the written approval of GE. All rights reserved.
Date Printed: 05 MAY 2021
RECOMMENDATIONS
It is recommended to perform fluorescent penetrant inspection (FPI) for all BWG entry slots on the CAS and DP during the next planned outage for the unit Hot Gas Path (HGP) or Major Inspection (MI) at or before the rotor reaches a total of 378,000 equivalent cold rotor turning time.
For case where FPI is clear of any indications – evaluate all the balance entry slot corner conditions with replication process.
• If any balance weight entry slot corner condition presents with a <0.060"" fillet size - perform entry slot blending, FPI, and peening operations to mitigate the risk of crack initiation and propagation.
◦ Corner specific item - if any portion of a specific balance weight groove corner meets noted criteria, then perform modification machining on the entire balance weight groove entry slot corner.
• Fillet > 0.060"" and uniformly this size over full length of the BWG entry slot corner – leave in as-found condition
For case with observable FPI indication/indications - contact GE engineering through an ER case for technical disposition.
BWG
Entry Slot
Location
Figure 3: Relative Location of BWG Entry Slots
Equivalent cold rotor turning time is defined as a spinning rotor in combination with cool metal temperatures (generally speaking conditions with all wheelspace temperatures measuring less than 150 degrees F). Turning gear (TG) operation, forced cooling operation, offline water wash operation, and unit startups are the periods where cool rotor conditions exist and contribute to the overall equivalent cold rotor turning time. Equivalent refers to a standardization of the # of high cycle fatigue cycles for a given hour and therefore has a component associated with the accumulation of cycles relative to the rotor speed. For example, at purge speed (~20% speed) versus turning gear speed (~6 rpm) a higher # of stress cycles will occur per minute of operation due solely to the increased rotational speed of the rotor for a given period.
© 2021 General Electric Company
The proprietary information published in this Technical Information Letter is offered to you by GE in consideration of its ongoing sales and service relationship with your organization. However, since the operation of your plant involves many factors not within our knowledge, and since operation of the plant is in your control and ultimate responsibility for its continuing successful operation rests with you, GE specifically disclaims any responsibility for liability based on claims for damage of any type, i.e. direct, consequential or special that may be alleged to have been incurred as result of applying this information regardless of whether it is claimed that GE is strictly liable, in breach of contract, in breach of warranty, negligent, or is in other respects responsible for any alleged injury or damage sustained by your organization as a result of applying this information. This Technical Information Letter contains proprietary information of General Electric Company and is furnished to its customer solely to assist that customer in the installation, testing, operation and/or maintenance of the equipment described. This document shall not be reproduced or distributed in whole or in part nor shall its contents be disclosed to any third party without the written approval of GE. All rights reserved.
Date Printed: 05 MAY 2021
Therefore, the equivalent cold rotor turning time impact is based around taking all cold rotational hours and converting it into an equivalent number of turning hours at typical turning gear speed. In order to calculate equivalent cold rotor turning time, GE recommends the following methods:
Equivalent Cold Rotor Turning = ECRT (hours)
ECRT = T_TG-(S_FS-S_FC) *X) + T_FC*0.25* 20% Full Speed 6 + (S_WC* Y) + (S_WW *3* 20% Full Speed 6 )
Path #1 (Unit historical recorded data through GE OSM connection or customer records)
• Record the # of turning gear hours (some controllers display this value) - T
TG
• Record the total # of fired starts – SFS
• For 7FAs – X = 24
• For 9FAs – X = 24
• For 6FAs – X = 18
• Record # of force cool downs − SFC
• Record # of force cool down hours − TFC
• Unit Full Speed
◦ For 7FAs – 3600 rpm
◦ For 9FAs – 3000 rpm
◦ For 6FAs – 5250 rpm
• Record the # of cooler starts unit has completed (defined as the # of warm 2 and cold starts per the definitions in GER-3620 (latest revision – definition is provided in figure 22). - SWC
Start Up Factor
Simple Cycle Unit (SC) Y = 72
Combined C",null,null,document.raw_text,databricks_ai,v1,til_p1_20260626_054315_5d9adab9,2026-06-26T05:47:08.649Z
til 1937-r2 - f-class turbine wheel inspection and maintenance recommendations,table_008_104d0552,table,"<table><tr><th rowspan=""2"">Material Heat Treatment</th><th rowspan=""2"">Peening Condition</th><th rowspan=""2"">Cooling Slot Geometry</th><th rowspan=""2"">Balance Rail & Lock Wire Tab</th><th colspan=""2"">Recommendations</th><th colspan=""2"">Applicable Part Numbers</th></tr><tr><th>Inspection</th><th>Interval</th><th>Frame</th><th>Stage 2</th></tr><tr><td rowspan=""6"">2 Step Age</td><td rowspan=""6"">Never Fired without Shot Peening</td><td rowspan=""3"">Original</td><td rowspan=""3"">Original</td><td>ECI</td><td>every 32 hrs or 1,200 starts [every 24 hrs or 900 starts if back cut buckets not installed]</td><td rowspan=""3"">6F</td><td rowspan=""3"">109E9194</td></tr><tr><td>BI</td><td>every HGPI when CDC is not removed</td></tr><tr><td>FPI</td><td>LWT : every HGPI when buckets are removed BWG : every Major and when CDC is removed during HGPI</td></tr><tr><td rowspan=""3"">Contoured</td><td rowspan=""3"">Original</td><td>ECI</td><td>at 96 hrs or 3,600 starts [every 48 hrs or 2,400 starts if back cut buckets not installed] and at first Major after TW2 Life Extension</td><td rowspan=""3"">6F</td><td rowspan=""3"">116E3992</td></tr><tr><td>BI</td><td>every HGPI when CDC is not removed</td></tr><tr><td>FPI</td><td>LWT : every HGPI when buckets are removed BWG : every Major and when CDC is removed during HGPI</td></tr><tr><td rowspan=""3"">Enhanced</td><td rowspan=""3"">Original</td><td>ECI</td><td>at 96 hrs or 3,600 starts [every 48 hrs or 2,400 starts if back cut buckets not installed] and at first Major after TW2 Life Extension</td><td rowspan=""3"">6F</td><td rowspan=""3"">137E1002</td></tr><tr><td>BI</td><td>every HGPI when CDC is not removed</td></tr><tr><td>FPI</td><td>LWT : every HGPI when buckets are removed BWG : every Major and when CDC is removed during HGPI</td></tr><tr><td>Stakeless & Modified Tab</td><td>ECI</td><td>at 96 hrs or 3,600 starts [every 48 hrs or 2,400 starts if back cut buckets not installed] and at first Major after TW2 Life Extension</td><td>6F</td><td>141E4569</td></tr><tr><td>FPI</td><td>LWT : every Major</td><td></td><td></td></tr><tr><td>3 Step Age</td><td>Never Fired without Shot Peening</td><td>Enhanced</td><td>Stakeless & Modified Tab</td><td>FPI</td><td>LWT : every Major</td><td>6F</td><td>131T7549</td></tr></table>",null,"[{""coord"": [68, 25, 1653, 1206], ""page_id"": 11}]",table_8,databricks_ai,v1,til_p1_20260626_054315_5d9adab9,2026-06-26T05:37:28.946Z
til 1937-r2 - f-class turbine wheel inspection and maintenance recommendations,table_007_d2983d54,table,"<table><tr><th rowspan=""2"">Material Heat Treatment</th><th rowspan=""2"">Peening Condition</th><th rowspan=""2"">Cooling Slot Geometry</th><th rowspan=""2"">Balance Rail & Lock Wire Tab</th><th colspan=""2"">Recommendations</th><th colspan=""2"">Applicable Part Numbers</th></tr><tr><th>Inspection</th><th>Interval</th><th>Frame</th><th>Stage 1</th></tr><tr><td rowspan=""6"">2 Step Age</td><td rowspan=""6"">Never Fired without Shot Peening</td><td rowspan=""3"">Original</td><td rowspan=""3"">Original</td><td>ECI</td><td>every 32 hrs or 1,200 starts [every 24 hrs or 900 starts if back cut buckets not installed]</td><td rowspan=""3"">6F</td><td rowspan=""3"">109E9194</td></tr><tr><td>BI</td><td>every HGPI when CDC is not removed</td></tr><tr><td>FPI</td><td>LWT : every HGPI when buckets are removed BWG : every Major and when CDC is removed during HGPI</td></tr><tr><td rowspan=""3"">Contoured</td><td rowspan=""3"">Original</td><td>ECI</td><td>at 96 hrs or 3,600 starts [every 48 hrs or 2,400 starts if back cut buckets not installed]</td><td rowspan=""3"">6F</td><td rowspan=""3"">116E3992</td></tr><tr><td>BI</td><td>every HGPI when CDC is not removed</td></tr><tr><td>FPI</td><td>LWT : every HGPI when buckets are removed BWG : every Major and when CDC is removed during HGPI</td></tr><tr><td rowspan=""3"">Enhanced</td><td rowspan=""3"">Original</td><td>ECI</td><td>at 96 hrs or 3,600 starts [every 48 hrs or 2,400 starts if back cut buckets not installed]</td><td rowspan=""3"">6F</td><td rowspan=""3"">137E1002</td></tr><tr><td>BI</td><td>every HGPI when CDC is not removed</td></tr><tr><td>FPI</td><td>LWT : every HGPI when buckets are removed BWG : every Major and when CDC is removed during HGPI</td></tr><tr><td></td><td></td><td>Stakeless & Modified Tab</td><td>ECI</td><td>at 96 hrs or 3,600 starts [every 48 hrs or 2,400 starts if back cut buckets not installed]</td><td>6F</td><td>141E4569</td></tr><tr><td></td><td></td><td></td><td>FPI</td><td>LWT : every Major</td><td></td><td></td></tr><tr><td>3 Step Age</td><td>Never Fired without Shot Peening</td><td>Enhanced</td><td>Stakeless & Modified Tab</td><td>FPI</td><td>LWT : every Major</td><td>6F</td><td>131T7543</td></tr></table>",null,"[{""coord"": [68, 27, 1653, 1122], ""page_id"": 10}]",table_7,databricks_ai,v1,til_p1_20260626_054315_5d9adab9,2026-06-26T05:37:28.946Z
til 1937-r2 - f-class turbine wheel inspection and maintenance recommendations,table_006_e08d2051,table,"<table><tr><th rowspan=""2"">Material Heat Treatment</th><th rowspan=""2"">Peening Condition</th><th rowspan=""2"">Cooling Slot Geometry</th><th rowspan=""2"">Balance Rail & Lock Wire Tab</th><th colspan=""2"">Recommendations</th><th colspan=""2"">Applicable Part Numbers</th></tr><tr><th>Inspection</th><th>Interval</th><th>Frame</th><th>Stage 2</th></tr><tr><td rowspan=""10"">2 Step Age</td><td>Fired without Shot Peening</td><td>Original</td><td>Original</td><td>ECI<br>Visual, BIFPI<br>UT</td><td>every 24 hrs or 900 starts</td><td>9F</td><td>101E2274<br>103E3969<br>109E3982</td></tr><tr><td>Peening Modification</td><td>Original</td><td>Original</td><td colspan=""2"">May have been peened prior to first fire. Contact your GE Vernova representative with your turbine rotor serial number to determine applicable peening condition.<br>Until validated by your GE Vernova representative, assume Fired without Shot Peening recommendations apply.</td><td>9F</td><td>227C5743<br>188D7864<br>193D2023<br>193D2036</td><td>193D2050<br>193D2422<br>196D1632<br>198D1211</td></tr><tr><td rowspan=""8"">Never Fired without Shot Peening</td><td rowspan=""3"">Original</td><td rowspan=""3"">Original</td><td>ECI</td><td>every 32 hrs or 1,200 starts<br>[every 24 hrs or 900 starts if back cut buckets not installed]</td><td rowspan=""3"">9F</td><td rowspan=""3"">109E5254<br>111E3299</td></tr><tr><td>BI</td><td>every HGPI when CDC is not removed</td></tr><tr><td>FPI</td><td>LWT : every HGPI when buckets are removed<br>BWG : every Major and when CDC is removed during HGPI</td></tr><tr><td rowspan=""2"">Contoured</td><td rowspan=""2"">Original</td><td>ECI</td><td>at 96 hrs or 3,600 starts<br>[every 48 hrs or 2,400 starts if back cut buckets not installed]<br>and at first Major after TW2 Life Extension</td><td rowspan=""2"">9F</td><td rowspan=""2"">119E6594</td></tr><tr><td>BI</td><td>every HGPI when CDC is not removed</td></tr><tr><td rowspan=""2"">Enhanced</td><td rowspan=""2"">Original</td><td>ECI</td><td>at 96 hrs or 3,600 starts<br>[every 48 hrs or 2,400 starts if back cut buckets not installed]<br>and at first Major after TW2 Life Extension</td><td rowspan=""2"">9F</td><td rowspan=""2"">133E8667</td></tr><tr><td>BI</td><td>every HGPI when CDC is not removed</td></tr><tr><td></td><td>Stakeless & Modified Tab</td><td>ECI</td><td>at 96 hrs or 3,600 starts<br>[every 48 hrs or 2,400 starts if back cut buckets not installed]<br>and at first Major after TW2 Life Extension</td><td>9F</td><td>146E2874</td></tr><tr><td>3 Step Age</td><td>Never Fired without Shot Peening</td><td>Enhanced</td><td>Stakeless & Modified Tab</td><td>FPI</td><td>LWT : every Major</td><td>9F</td><td>131T7534</td></tr></table>",null,"[{""coord"": [68, 25, 1653, 1478], ""page_id"": 9}]",table_6,databricks_ai,v1,til_p1_20260626_054315_5d9adab9,2026-06-26T05:37:28.946Z
til 1937-r2 - f-class turbine wheel inspection and maintenance recommendations,table_005_844ed9b0,table,"<table><tr><th rowspan=""2"">Material Heat Treatment</th><th rowspan=""2"">Peening Condition</th><th rowspan=""2"">Cooling Slot Geometry</th><th rowspan=""2"">Balance Rail & Lock Wire Tab</th><th colspan=""2"">Recommendations</th><th colspan=""2"">Applicable Part Numbers</th></tr><tr><th>Inspection</th><th>Interval</th><th>Frame</th><th>Stage 1</th></tr><tr><td rowspan=""8"">2 Step Age</td><td>Fired without Shot Peening</td><td>Original</td><td>Original</td><td>ECI Visual, BI FPI UT</td><td>every 24 hrs or 900 starts</td><td>9F</td><td>101E2274<br>103E3969<br>109E3982</td></tr><tr><td>Peening Modification</td><td>Original</td><td>Original</td><td colspan=""2"">May have been peened prior to first fire. Contact your GE Vernova representative with your turbine rotor serial number to determine applicable peening condition. Until validated by your GE Vernova representative, assume Fired without Shot Peening recommendations apply.</td><td>9F</td><td>227C5743<br>188D7864<br>193D2023<br>193D2036<br>193D2050<br>193D2422<br>196D1632<br>198D1211</td></tr><tr><td rowspan=""6"">Never Fired without Shot Peening</td><td rowspan=""2"">Original</td><td rowspan=""2"">Original</td><td>ECI</td><td>every 32 hrs or 1,200 starts [every 24 hrs or 900 starts if back cut buckets not installed]</td><td rowspan=""2"">9F</td><td>109E5254</td></tr><tr><td>BI</td><td>every HGPI when CDC is not removed</td></tr><tr><td rowspan=""2"">Contoured</td><td rowspan=""2"">Original</td><td>FPI</td><td>LWT : every HGPI when buckets are removed<br>BWG : every Major and when CDC is removed during HGPI</td><td rowspan=""2"">9F</td><td>111E3299</td></tr><tr><td>ECI</td><td>at 96 hrs or 3,600 starts [Every 48 hrs or 2,400 starts if back cut buckets not installed]</td></tr><tr><td rowspan=""4"">Enhanced</td><td rowspan=""2"">Original</td><td>BI</td><td>every HGPI when CDC is not removed</td><td rowspan=""2"">9F</td><td>119E6594</td></tr><tr><td>FPI</td><td>LWT : every HGPI when buckets are removed<br>BWG : every Major and when CDC is removed during HGPI</td></tr><tr><td rowspan=""2"">Stakeless & Modified Tab</td><td>ECI</td><td>at 96 hrs or 3,600 starts [every 48 hrs or 2,400 starts if back cut buckets not installed]</td><td rowspan=""2"">9F</td><td>146E2874</td></tr><tr><td>FPI</td><td>LWT : every Major</td></tr><tr><td>3 Step Age</td><td>Never Fired without Shot Peening</td><td>Enhanced</td><td>Stakeless & Modified Tab</td><td>FPI</td><td>LWT : every Major</td><td>9F</td><td>131T7528</td></tr></table>",null,"[{""coord"": [68, 25, 1653, 1481], ""page_id"": 8}]",table_5,databricks_ai,v1,til_p1_20260626_054315_5d9adab9,2026-06-26T05:47:08.649Z
til 1937-r2 - f-class turbine wheel inspection and maintenance recommendations,table_004_91013dd6,table,"<table><tr><th rowspan=""2"">Material Heat Treatment</th><th rowspan=""2"">Peening Condition</th><th rowspan=""2"">Cooling Slot Geometry</th><th rowspan=""2"">Balance Rail & Lock Wire Tab</th><th colspan=""2"">Recommendations</th><th colspan=""2"">Applicable Part Numbers</th></tr><tr><th>Inspection</th><th>Interval</th><th>Frame</th><th>Stage 2</th></tr><tr><td rowspan=""10"">2 Step Age</td><td>Fired without Shot Peening</td><td>Original</td><td>Original</td><td>ECI Visual, BFI UT</td><td>every 24 hrs or 900 starts</td><td>7F</td><td>227C5763 103E5796<br>101E8629 108E4197<br>103E5775 109E3897</td></tr><tr><td>Peening Modification</td><td>Original</td><td>Original</td><td colspan=""2"">May have been peened prior to first fire. Contact your GE Vernova representative with your turbine rotor serial number to determine the applicable peening condition. Until validated by your GE Vernova representative, assume Fired without Shot Peening recommendations apply.</td><td>7F</td><td>193D2055<br>193D2064</td></tr><tr><td rowspan=""8"">Never Fired without Shot Peening</td><td rowspan=""4"">Original</td><td rowspan=""4"">Original</td><td>ECI</td><td>every 32 hrs or 1,200 starts [every 24 hrs or 900 starts if back cut buckets not installed]</td><td rowspan=""4"">7F</td><td>193D2400<br>199D3925<br>109E5591<br>109E5614<br>114E1229<br>116E2436</td></tr><tr><td>BI</td><td>every HGPI when CDC is not removed</td></tr><tr><td>FPI</td><td>LWT : every HGPI when buckets are removed<br>BWG : every Major and when CDC is removed during HGPI</td></tr><tr><td rowspan=""4"">Contoured</td><td rowspan=""4"">Original</td><td>ECI</td><td>at 96 hrs or 3,600 starts [every 48 hrs or 2,400 starts if back cut buckets not installed] and at first Major after TW2 Life Extension</td><td rowspan=""4"">7F</td><td>116E3968<br>119E6503</td></tr><tr><td>BI</td><td>every HGPI when CDC is not removed</td></tr><tr><td>FPI</td><td>LWT : every HGPI when buckets are removed<br>BWG : every Major and when CDC is removed during HGPI</td></tr><tr><td rowspan=""2"">Enhanced</td><td rowspan=""2"">Original</td><td>ECI</td><td>at 96 hrs or 3,600 starts [every 48 hrs or 2,400 starts if back cut buckets not installed] and at first Major after TW2 Life Extension</td><td rowspan=""2"">7F</td><td>323E2240</td></tr><tr><td>BI</td><td>LWT : every HGPI when buckets are removed<br>BWG : every Major and when CDC is removed during HGPI</td></tr><tr><td></td><td></td><td>Stakeless & Modified Tab</td><td>ECI</td><td>at 96 hrs or 3,600 starts [every 48 hrs or 2,400 starts if back cut buckets not installed] and at first Major after TW2 Life Extension</td><td>7F</td><td>144E7562</td></tr><tr><td>3 Step Age</td><td>Never Fired without Shot Peening</td><td>Enhanced</td><td>Stakeless & Modified Tab</td><td>FPI</td><td>LWT : every Major</td><td>7F</td><td>146E3627</td></tr></table>",null,"[{""coord"": [68, 25, 1653, 1552], ""page_id"": 7}]",table_4,databricks_ai,v1,til_p1_20260626_054315_5d9adab9,2026-06-26T05:47:08.649Z
til 1937-r2 - f-class turbine wheel inspection and maintenance recommendations,table_003_496270fa,table,"<table><tr><th rowspan=""2"">Material Heat Treatment</th><th rowspan=""2"">Peening Condition</th><th rowspan=""2"">Cooling Slot Geometry</th><th rowspan=""2"">Balance Rail & Lock Wire Tab</th><th colspan=""2"">Recommendations</th><th colspan=""2"">Applicable Part Numbers</th></tr><tr><th>Inspection</th><th>Interval</th><th>Frame</th><th>Stage 1</th></tr><tr><td rowspan=""10"">2 Step Age</td><td>Fired without Shot Peening</td><td>Original</td><td>Original</td><td>ECI<br>Visual<br>BI<br>FPI<br>UT</td><td>every 24 hrs or 900 starts</td><td>7F</td><td>227C5762<br>103E5795<br>188D7369<br>109E3085<br>101E8627<br>109E3896<br>103E5773</td></tr><tr><td>Peening Modification</td><td>Original</td><td>Original</td><td colspan=""2"">May have been peened prior to first fire. Contact your GE Vernova representative with your turbine rotor serial number to determine the applicable peening condition. Until validated by your GE Vernova representative, assume Fired without Shot Peening recommendations apply.</td><td>7F</td><td>193D2053<br>193D2063</td></tr><tr><td rowspan=""8"">Never Fired without Shot Peening</td><td rowspan=""3"">Original</td><td rowspan=""3"">Original</td><td>ECI</td><td>every 32 hrs or 1,200 starts [every 24 hrs or 900 starts if back cut buckets not installed]</td><td rowspan=""3"">7F</td><td>243C1494<br>109E5612<br>188D7996<br>114E1228<br>196D1915<br>116E2434<br>199D3931<br>117E5673<br>109E5303<br>119E2398<br>109E5589<br>119E2621</td></tr><tr><td>BI</td><td>every HGPI when CDC is not removed</td></tr><tr><td>FPI</td><td>LWT : every HGPI when buckets are removed<br>BWG : every Major and when CDC is removed during HGPI</td></tr><tr><td rowspan=""2"">Contoured</td><td rowspan=""2"">Original</td><td>ECI</td><td>at 96 hrs or 3,600 starts [every 48 hrs or 2,400 starts if back cut buckets not installed]</td><td rowspan=""2"">7F</td><td>116E3967</td></tr><tr><td>BI</td><td>every HGPI when CDC is not removed</td><td>119E3771</td></tr><tr><td rowspan=""3"">Enhanced</td><td rowspan=""3"">Original</td><td>ECI</td><td>at 96 hrs or 3,600 starts [every 48 hrs or 2,400 starts if back cut buckets not installed]</td><td rowspan=""3"">7F</td><td rowspan=""3"">323E2241</td></tr><tr><td>BI</td><td>every HGPI when CDC is not removed</td></tr><tr><td>FPI</td><td>LWT : every HGPI when buckets are removed<br>BWG : every Major and when CDC is removed during HGPI</td></tr><tr><td>Stakeless & Modified Tab</td><td>ECI</td><td>at 96 hrs or 3,600 starts [every 48 hrs or 2,400 starts if back cut buckets not installed]</td><td>7F</td><td>144E7560</td></tr><tr><td>3 Step Age</td><td>Never Fired without Shot Peening</td><td>Enhanced</td><td>Stakeless & Modified Tab</td><td>FPI</td><td>LWT : every Major</td><td>7F</td><td>146E3626</td></tr></table>",null,"[{""coord"": [68, 25, 1653, 1596], ""page_id"": 6}]",table_3,databricks_ai,v1,til_p1_20260626_054315_5d9adab9,2026-06-26T05:37:28.946Z
til 1937-r2 - f-class turbine wheel inspection and maintenance recommendations,table_002_85307677,table,<table><tr><td>1</td><td>Prior to Unit Startup / Prior to Continued Operation (forced outage condition)</td></tr><tr><td>2</td><td>At First Opportunity (next shutdown)</td></tr><tr><td>3</td><td>Prior to Operation of Affected System</td></tr><tr><td>4</td><td>At First Exposure of Component</td></tr><tr><td>5</td><td>At Scheduled Component Part Repair or Replacement.</td></tr><tr><td>6</td><td>Next Scheduled Outage</td></tr></table>,null,"[{""coord"": [70, 1350, 1662, 1643], ""page_id"": 0}]",table_2,databricks_ai,v1,til_p1_20260626_054315_5d9adab9,2026-06-26T05:37:28.946Z
til 1937-r2 - f-class turbine wheel inspection and maintenance recommendations,table_001_9bf0ab6f,table,"<table><tr><td><b>M - Maintenance</b></td><td>Identifies maintenance guidelines or best practices for reliable equipment operation.</td></tr><tr><td><b>C - Compliance Required</b></td><td>Identifies the need for action to correct a condition that, if left uncorrected, may result in reduced equipment reliability or efficiency. Compliance may be required within a specific operating time.</td></tr><tr><td><b>A - Alert</b></td><td>Failure to comply with the TIL could result in equipment damage or facility damage. Compliance is mandated within a specific operating time.</td></tr><tr><td><b>S - Safety</b></td><td>Failure to comply with this TIL could result in personal injury. Compliance is mandated within a specific operating time.</td></tr></table>",null,"[{""coord"": [70, 1075, 1662, 1311], ""page_id"": 0}]",table_1,databricks_ai,v1,til_p1_20260626_054315_5d9adab9,2026-06-26T05:47:08.649Z
til 1937-r2 - f-class turbine wheel inspection and maintenance recommendations,text_001_77916ce9,section,"GE
GE VERNOVA
PRODUCT SERVICE
TIL 1937-R2
Publish Date: 10 APRIL 2024
Compliance Category - A
Timing Code - 6
TECHNICAL INFORMATION LETTER
F-CLASS TURBINE WHEEL INSPECTION AND MAINTENANCE RECOMMENDATIONS
APPLICATION
Select F-class gas turbine rotors operating in high ambient and specific environmental conditions.
PURPOSE
Advise users to perform routine inspections at a maintenance interval based on installed configuration.
This TIL supersedes TILs 1280, 1327, 1434, 1539, 1540, and 1742.
REASON FOR REVISION
1) Added a new 3 Step-Age Heat Treatment category for Stage 1 & Stage 2 wheels.
2) Added a specific ECI inspection interval for Stage 1 enhanced wheels with 2 Step-Age heat treatment.
3) Added a specific ECI inspection interval for Stage 2 wheels post Rotor Life Extension.
COMPLIANCE CATEGORY
TIMING CODE
© 2024 GE Vernova
The proprietary information published in this Technical Information Letter is offered to you by GE Vernova in consideration of its ongoing sales and service relationship with your organization. However, since the operation of your plant involves many factors not within our knowledge, and since operation of the plant is in your control and ultimate responsibility for its continuing successful operation rests with you, GE Vernova specifically disclaims any responsibility for liability based on claims for damage of any type i.e. direct, consequential or special that may be alleged to have been incurred as result of applying this information regardless of whether it is claimed that GE Vernova is strictly liable, in breach of contract, in breach of warranty, negligent, or is in other respects responsible for any alleged injury or damage sustained by your organization as a result of applying this information. This Technical Information Letter contains proprietary information of GE Vernova and is furnished to its customer solely to assist that customer in the installation, testing, operation and/or maintenance of the equipment described. This document shall not be reproduced or distributed in whole or in part nor shall its contents be disclosed to any third party without the written approval of GE Vernova. All rights reserved.
Date Printed: 10 APRIL 2024
BACKGROUND DISCUSSION
The function of the turbine rotor in a heavy-duty gas turbine engine includes carrying turbine blade loads, transmitting torque to the compressor and generator for power generation, as well as supplying the turbine blades with cooling air. Prior to assembly, the individual disks or wheels are balanced by the addition of weights installed in a groove.  The weights are held in place by deforming the metal on either the balance weight or the balance weight groove. The turbine blades are retained axially by a snap ring type lock wire that is located in a machined groove passing through the turbine blades and turbine wheel.  The portion of the wheel retaining the lock wire is known as the lock wire tab.  The F-class turbine blade cooling air supply is provided through cooling slots in the bottom of the stage 1 and 2 turbine wheel dovetails.
Stage 1 Wheel
Stage 2 Wheel
Forward Web
Lock Wire Tab
Cooling slot
Balance Weight Groove
Wheel post
A-A
Figure 1: F-class Turbine Rotor Features
The disks in the turbine rotor are made of a high nickel alloy that is sensitive to surface imperfections where an intergranular crack may initiate and propagate due to high stresses and temperatures. Depending on the initiation location, an undetected crack may continue to propagate due to exposure to stress and temperature until either: 1- the crack is detected and either repaired or the rotor is removed from service, or 2- the crack propagates to a critical length, releasing a wheel section and/or adjacent turbine blades into the turbine hot gas path section potentially resulting in significant damage. Continuous improvements have been made to the turbine rotor wheels over time in order to improve their overall damage sensitivity.
Rotors operating in high ambient and humid or corrosive conditions have an increased risk of crack initiation and propagation.
Recommended inspections and inspection intervals to mitigate crack propagation are provided based on wheel features, such as shot peening condition at first fire, cooling slot geometry, material heat treatment, and environmental conditions.  In some cases, rotors may be swapped from site to site in order to expedite an outage.  This TIL is being issued to all users in high ambient and/or corrosive environmental conditions in order to provide recommendations for the various configurations.
© 2024 GE Vernova
The proprietary information published in this Technical Information Letter is offered to you by GE Vernova in consideration of its ongoing sales and service relationship with your organization. However, since the operation of your plant involves many factors not within our knowledge, and since operation of the plant is in your control and ultimate responsibility for its continuing successful operation rests with you, GE Vernova specifically disclaims any responsibility for liability based on claims for damage of any type i.e. direct, consequential or special that may be alleged to have been incurred as result of applying this information regardless of whether it is claimed that GE Vernova is strictly liable, in breach of contract, in breach of warranty, negligent, or is in other respects responsible for any alleged injury or damage sustained by your organization as a result of applying this information. This Technical Information Letter contains proprietary information of GE Vernova and is furnished to its customer solely to assist that customer in the installation, testing, operation and/or maintenance of the equipment described. This document shall not be reproduced or distributed in whole or in part nor shall its contents be disclosed to any third party without the written approval of GE Vernova. All rights reserved.
Date Printed: 10 APRIL 2024
Shot Peening Effect
Early generation turbine rotors have the highest sensitivity to surface imperfections. These rotors were manufactured and fired without full shot peen coverage of the turbine wheels. Shot peening leaves a residual compressive stress and decreases the risk of initiating a crack. Wheels that operated without shot peening have an increased risk of initiating and propagating a crack in the rim region of the turbine rotor and in the turbine wheel dovetail slots. After 1996, all F-class turbine wheels shipped with full peening coverage; these wheels were never fired without shot peening.
Cooling Slot
During operation, the intersection of the cooling slot and dovetail slot is subjected to high temperatures and tensile stresses caused by turbine blade pull.  The high temperatures and stresses in conjunction with an adverse edge condition have been known to initiate cracks in this location.
Crack
Figure 2: Crack at Broached Wheel Post and Original Cooling Slot Corner
Three cooling slot shapes exist including original, contoured, and enhanced. The contoured (released in 2002) and enhanced (released in 2006) cooling slot shapes were developed to lower stresses in the region where indications have been observed in original slot configuration wheels. Please see Tables 1 and 2 below for eddy current inspection recommendations for original, contour, and enhanced cooling slot configuration wheels. Some rotors may have a combination of enhanced, contoured, and/or original configuration wheels, depending on rotor repair history. All wheels should follow their applicable inspection recommendations. If a cooling slot crack is detected during the inspection, immediate wheel replacement will be recommended to help avoid the risk of wheel post liberation during operation.
© 2024 GE Vernova
The proprietary information published in this Technical Information Letter is offered to you by GE Vernova in consideration of its ongoing sales and service relationship with your organization. However, since the operation of your plant involves many factors not within our knowledge, and since operation of the plant is in your control and ultimate responsibility for its continuing successful operation rests with you, GE Vernova specifically disclaims any responsibility for liability based on claims for damage of any type i.e. direct, consequential or special that may be alleged to have been incurred as result of applying this information regardless of whether it is claimed that GE Vernova is strictly liable, in breach of contract, in breach of warranty, negligent, or is in other respects responsible for any alleged injury or damage sustained by your organization as a result of applying this information. This Technical Information Letter contains proprietary information of GE Vernova and is furnished to its customer solely to assist that customer in the installation, testing, operation and/or maintenance of the equipment described. This document shall not be reproduced or distributed in whole or in part nor shall its contents be disclosed to any third party without the written approval of GE Vernova. All rights reserved.
Date Printed: 10 APRIL 2024
Stage 1
Wheel
Original (1995)
Contoured (2002)
Enhanced (2006)
Figure 3: Original, Contoured, and Enhanced cooling slot profiles
Lock Wire Tabs
Lock-wire tab (LWT) cracks have also been detected on the turbine rotor wheels.  These types of cracks can typically be repaired on site, subject to repair limits, without the need for rotor disassembly or wheel replacement.
Stage 1
Wheel
Lockwire tab
crack
Figure 4: Potential LWT Crack Orientations
Lock wire tab cracks may form in the upper corner of the lock wire tab groove, as shown in Figure 4.  Cracks in this corner may be caused by either:
• Damage sustained during turbine blade installation/removal
• High stresses in the lock wire fillet
GE Vernova has developed specialized procedures and tooling to help mitigate the risk of damage to the wheel lock wire tabs during turbine blad",null,null,document.raw_text,databricks_ai,v1,til_p1_20260626_054315_5d9adab9,2026-06-26T05:37:28.946Z
til 1502-2r1 - 7f and 9f aft end compressor rubs,table_006_e1b774a2,table,"<table><tr><td colspan=""4"">USER SATISFACTION SURVEY</td></tr><tr><td>Serial Number:</td><td></td><td>Date:</td><td></td></tr><tr><td colspan=""4"">1. How many days after TIL issue date did you receive this TIL?</td></tr><tr><td>1 - 5 days</td><td>6 - 10 days</td><td colspan=""2"">+ 10 days</td></tr><tr><td colspan=""4"">NOTE: If you would like to receive future TILs by email, contact your local GE Energy Services representative for assistance.</td></tr><tr><td colspan=""4"">Rate the following based on a scale of 1 to 5, where 1 is Excellent and 5 is Poor.</td></tr><tr><td colspan=""4"">2. Please rate how well this document informed you of the technical issue.</td></tr><tr><td>1</td><td>2</td><td>3</td><td>4</td><td>5</td></tr><tr><td colspan=""4"">3. Please rate the overall effectiveness of this TIL.</td></tr><tr><td>1</td><td>2</td><td>3</td><td>4</td><td>5</td></tr><tr><td colspan=""4"">Comments / Suggestions:</td></tr><tr><td colspan=""4""></td></tr><tr><td colspan=""4""></td></tr><tr><td colspan=""4""></td></tr><tr><td colspan=""4""></td></tr><tr><td colspan=""4""></td></tr><tr><td colspan=""4""></td></tr><tr><td colspan=""4""></td></tr><tr><td colspan=""4""></td></tr><tr><td colspan=""2"">FAX this form to:</td><td colspan=""2"">TIL Survey<br>GE Customer Technology Services<br>FAX: (678) 844-6737<br>Toll free FAX: 1-866-604-2668</td></tr></table>",null,"[{""coord"": [152, 594, 1571, 1925], ""page_id"": 4}]",table_6,databricks_ai,v1,til_p1_20260626_054315_5d9adab9,2026-06-26T05:47:08.649Z
til 1502-2r1 - 7f and 9f aft end compressor rubs,table_005_9ad7d411,table,"<table><tr><td colspan=""2"">TIL COMPLIANCE RECORD</td><td colspan=""2"">For Internal Records Only #</td><td></td></tr><tr><td>Site Name:</td><td colspan=""2"">Customer Name:</td><td colspan=""2""></td></tr><tr><td colspan=""2"">Customer Contact Information</td><td colspan=""2"">GE Contact Information</td><td></td></tr><tr><td>Contact Name:</td><td colspan=""2""></td><td>Contact Name:</td><td></td></tr><tr><td>Address:</td><td colspan=""2""></td><td>Address:</td><td></td></tr><tr><td></td><td colspan=""2""></td><td></td><td></td></tr><tr><td>Email:</td><td colspan=""2""></td><td>Email:</td><td></td></tr><tr><td>Phone:</td><td colspan=""2""></td><td>Phone:</td><td></td></tr><tr><td>FAX:</td><td colspan=""2""></td><td>FAX:</td><td></td></tr><tr><td colspan=""5"">Turbine Serial Number(s):</td></tr><tr><td colspan=""5""></td></tr><tr><td colspan=""5""></td></tr><tr><td colspan=""2"">INSTALLED EQUIPMENT</td><td colspan=""3"">TIL Completed Date:</td></tr><tr><td colspan=""2""></td><td colspan=""3"">100% TIL Completed:</td></tr><tr><td colspan=""2"">Description:</td><td colspan=""3""></td></tr><tr><td colspan=""5""></td></tr><tr><td colspan=""5""></td></tr><tr><td>Unit Numbers:</td><td>Part Description:</td><td>Part Number</td><td colspan=""2"">MLI Number</td></tr><tr><td></td><td></td><td></td><td colspan=""2""></td></tr><tr><td></td><td></td><td></td><td colspan=""2""></td></tr><tr><td></td><td></td><td></td><td colspan=""2""></td></tr><tr><td></td><td></td><td></td><td colspan=""2""></td></tr><tr><td></td><td></td><td></td><td colspan=""2""></td></tr><tr><td></td><td></td><td></td><td colspan=""2""></td></tr><tr><td colspan=""5"">Comments:</td></tr><tr><td colspan=""5""></td></tr><tr><td colspan=""5""></td></tr><tr><td colspan=""5""></td></tr><tr><td colspan=""5""></td></tr><tr><td colspan=""5"">NOTE: If there are any redlined drawings that pertain to this TIL implementation, please FAX the drawings along with this TIL Compliance Record.</td></tr><tr><td>FAX this form to:</td><td colspan=""4"">TIL Compliance<br>FAX: (678) 844-3451<br>Toll free FAX: 1-888-896-TILS (1-888-896-8457)</td></tr></table>",null,"[{""coord"": [148, 503, 1565, 2072], ""page_id"": 3}]",table_5,databricks_ai,v1,til_p1_20260626_054315_5d9adab9,2026-06-26T05:47:08.649Z
til 1502-2r1 - 7f and 9f aft end compressor rubs,table_004_2ab5ae1b,table,<table><tr><td>7</td><td>Optional</td></tr></table>,null,"[{""coord"": [245, 1893, 450, 1925], ""page_id"": 0}]",table_4,databricks_ai,v1,til_p1_20260626_054315_5d9adab9,2026-06-26T05:47:08.649Z
til 1502-2r1 - 7f and 9f aft end compressor rubs,table_003_bea7e9c4,table,<table><tr><td>1</td><td>Prior to Unit Startup / Prior to Continued Operation (forced outage condition)</td></tr><tr><td>2</td><td>At First Opportunity (next shutdown)</td></tr><tr><td>3</td><td>Prior to Operation of Affected System</td></tr><tr><td>4</td><td>At First Exposure of Component</td></tr><tr><td>5</td><td>At Scheduled Component Part Repair or Replacement</td></tr></table>,null,"[{""coord"": [245, 1522, 1239, 1800], ""page_id"": 0}]",table_3,databricks_ai,v1,til_p1_20260626_054315_5d9adab9,2026-06-26T05:47:08.649Z
til 1502-2r1 - 7f and 9f aft end compressor rubs,table_002_8cbba70e,table,"<table><tr><td><b>C - Compliance Required</b></td><td>Identifies the need for action to correct a condition that, if left uncorrected, may result in reduced equipment reliability, efficiency, or safety. Compliance may be required within a specific operating time.</td></tr><tr><td><b>A - Alert / Safety</b></td><td>Failure to comply with the TIL could result in equipment damage, facility damage, or personal injury. Compliance is mandated within a specific operating time.</td></tr></table>",null,"[{""coord"": [245, 1208, 1556, 1434], ""page_id"": 0}]",table_2,databricks_ai,v1,til_p1_20260626_054315_5d9adab9,2026-06-26T05:47:08.649Z
til 1502-2r1 - 7f and 9f aft end compressor rubs,table_001_5021dc13,table,"<table><tr><td><b>O - Optional</b></td><td>Identifies changes that may be beneficial to some, but not necessarily all, operators. Accomplishment is at customer's discretion.</td></tr><tr><td><b>M - Maintenance</b></td><td>Identifies maintenance guidelines or best practices for reliable equipment operation.</td></tr></table>",null,"[{""coord"": [245, 1014, 1556, 1181], ""page_id"": 0}]",table_1,databricks_ai,v1,til_p1_20260626_054315_5d9adab9,2026-06-26T05:47:08.649Z
til 1502-2r1 - 7f and 9f aft end compressor rubs,text_001_fb2ae302,section,"GE
TIL 1502-2R1
GE ENERGY SERVICES TECHNOLOGY
CUSTOMER TECHNOLOGY SERVICES
1 NOVEMBER 2005
Compliance Category - M
Timing Code - 6
TECHNICAL INFORMATION LETTER
7F AND 9F AFT END COMPRESSOR RUBS
APPLICATION
All 7F and 9F Heavy Duty Gas Turbines
PURPOSE
To inform users to monitor equipment operation and condition, and to identify the onset, occurrence, and effects of aft end compressor rubs (when the tip of the rotor blade rubs the casing).  Rubs are evident when blade tip material is adversely affected. Information in this TIL is supplemental to information in the Inspection and Maintenance Manual provided with the gas turbine.
REASON FOR REVISION
To update the technical content of the TIL, including frequency of tip loss and recommendations when discovered.
Compliance Category
Timing Code
6 Next Scheduled Outage
COPYRIGHT 2005 GE
The information published in this Technical Information Letter is offered to you by GE in consideration of its ongoing sales and service relationship with your organization. However, since the operation of your plant involves many factors not within our knowledge, and since operation of the plant is in your control and ultimate responsibility for its continuing successful operation rests with you, GE specifically disclaims any responsibility for liability based on claims for damage of any type, i.e. direct, consequential or special that may be alleged to have been incurred as result of applying this information regardless of whether it is claimed that GE is strictly liable, in breach of contract, in breach of warranty, negligent, or is in other respects responsible for any alleged injury or damage sustained by your organization as a result of applying this information.
TIL 1502-2R1
BACKGROUND DISCUSSION
The compressor section of F-Class gas turbines has 18
(0-17) stages of rotating components (rotor blades) and
stationary components (stator vanes).
Some F-class machines have experienced aft end compressor rubs. These rubs range from light scoring on the casing to material loss at the blade tip. This phenomenon was concluded to be very low risk relative to unit operation and reliability. No performance impact and no forced outages have been experienced as a result. Rotor blades in rows 13, 14, and 15 are primarily affected.
Figure 1: F-Class Compressor Cross-Section
Based on the conclusion of Root Cause Analysis (RCA) and fleet experience, aft end rubs are primarily induced because of frequent restarts between two (2) to eight (8) hours after shutdown. During this transient period, the thermal compression of the casing relative to the rotor can decrease clearances and can lead to rubs upon restart. The heat generated from a rub can lower the local material fatigue strength of the blade resulting in material tip loss in the event of another rub. Typical material loss dimensions are less than 1/16 inch² in area (see Figure 2).
Typical Tip Loss
1/4""
Figure 2: Typical Blade Tip Loss
Restarting a unit 2 to 8 hours after a shutdown or trip is within the operating envelope, but this may cause rubs in some cases. Aft end rubs and/or tip loss pose very low risk to unit operation and reliability. No performance impact and no forced outages have been experienced due to this issue.
RECOMMENDATIONS
Follow operating practices per GER 3620 to reduce the potential for rubs on aft end compressor blades. In addition to the GER 3620 guidelines, the following recommendations would also help minimize aft end rubs and tip loss occurrence.
Keep enclosure doors closed during startup, shutdown and normal operation.
Be aware that restarting the gas turbine between two (2) and eight (8) hours following a shutdown or trip will cause the clearances in the aft end to decrease. If the unit operates this way now or has in the past, there is a potential for this clearance closure to cause aft end tip rubs. As a result, the area should be included in the yearly borescope inspections.
• Eliminate any potential pipe leaks that may cause quenching of the gas turbine compressor discharge casing.
Ensure vent fans and exhaust fans to the gas turbine enclosure are functioning properly such that no local forced convection is taking place at or near the compressor discharge casing.
Integrate the inspection for aft end compressor rubs with your yearly scheduled borescope inspection per GER 3620. Observe rotor blade stages 13 through 17 and look for mushroomed material (see Figure 3), bluing at the blade tip, and / or markings in the casing area.
Casing
Mushrooming Material Tip
Rotating Airfoil
Figure 3: Fractured Tip Surface
2 of 5
TIL 1502-2R1
If rubs or tip loss do occur, blending to increase clearances can be performed at Major Inspections (MI) or when the Compressor Discharge Casing (CDC) is removed. During repairs, clearances of rotor blades can be increased radially by tip grinding and polishing, and tip corners repaired by blade blending. Typically, 20 mils radially of material can be removed to both increase clearance and remove heat affected and rolled over material.
Following this operation, a penetrant inspection must be performed to ensure no tip cracks are present. If the CDC is removed prior to the major inspection, clearances can also be increased to eliminate the potential for tip rubs should the customer desire. Please contact your local GE service representative for assistance.
PLANNING INFORMATION
Compliance
• Compliance Category: M
Timing Code: 6
Manpower Skills
Trained GE Borescope technician to perform borescope inspection, approximately eight (8) hours.
Trained GE Blade technician for rotor blade clearance increases, approximately 16 hours once the casing has been removed.
Parts
N/A
Special Tooling
N/A
Reference Documents
N/A
Previous Modifications
N/A
Scope of Work
N/A
Contact your local GE Energy Services representative for assistance or for additional information.
NOTE: If you would like to receive future TILs by email, contact your local GE Energy Services representative for assistance.
3 of 5
TIL 1502-2R1
TIL COMPLIANCE RECORD
Compliance with this TIL must be entered in local records.  GE requests that the customer notify GE upon compliance of this TIL.
Complete the following TIL Compliance Record and FAX it to:
TIL Compliance
FAX: (678) 844-3451
Toll free FAX: 1-888-896-TILS (1-888-896-8457)
4 of 5
TIL 1502-2R1
USER SATISFACTION SURVEY
GE values your opinions and comments.
GE requests that you complete the User Satisfaction Survey below to help us better serve you with accurate and timely information on your equipment.
Complete the following TIL Compliance Record and FAX it to:
TIL Survey
GE Customer Technology Services
FAX: (678) 844-6737
Toll free FAX: 1-866-604-2668
5 of 5",null,null,document.raw_text,databricks_ai,v1,til_p1_20260626_054315_5d9adab9,2026-06-26T05:47:08.649Z
